month,app_name,volume_mn,value_cr
2024-09-01,PhonePe,7221.22,1030871.0
2024-09-01,Google Pay,5625.22,746690.05
2024-09-01,Paytm,1064.62,113351.54
2024-09-01,CRED,140.0,47982.71
2024-09-01,Navi,120.41,6549.1
2024-09-01,Axis Bank Apps,120.38,5986.48
2024-09-01,Amazon Pay,70.98,7845.04
2024-09-01,FamApp by Trio,61.05,714.29
2024-09-01,ICICI Bank Apps,53.59,21076.12
2024-09-01,WhatsApp,48.75,3586.71
2024-09-01,Kotak Mahindra Bank Apps,47.14,6413.16
2024-09-01,HDFC Bank Apps,36.14,8997.11
2024-09-01,Yes Bank Apps,31.27,9777.48
2024-09-01,BHIM,26.39,8466.3
2024-09-01,super.money,25.75,1131.59
2024-09-01,Airtel Payments Bank Apps,17.41,1278.38
2024-09-01,Mobikwik,16.07,2964.08
2024-09-01,Groww,13.46,9526.49
2024-09-01,Flipkart UPI,12.85,734.8
2024-09-01,Bajaj Finserv,11.15,2711.55
2024-09-01,Slice Small Finance Bank Apps,10.62,792.06
2024-09-01,State Bank of India Apps,9.8,2883.42
2024-09-01,IDFC Bank Apps,8.33,1838.99
2024-09-01,Samsung Pay,7.33,564.5
2024-09-01,India Post Payments Bank Apps,6.96,908.78
2024-09-01,Federal Bank Apps,6.3,918.67
2024-09-01,Jupiter Money,6.13,810.01
2024-09-01,Deutsche Bank Apps,3.05,348.9
2024-09-01,Canara Bank Apps,3.04,799.52
2024-09-01,Jio Payments Bank Apps,2.79,212.23
2024-09-01,Punjab National Bank Apps,2.74,606.83
2024-09-01,Indian Bank Apps,2.69,424.89
2024-09-01,POP UPI,1.81,131.2
2024-09-01,Timepay,1.74,15.26
2024-09-01,RBL Bank Apps,1.66,603.44
2024-09-01,Omni Card,1.31,74.96
2024-09-01,Bank of Baroda Apps,1.12,452.89
2024-09-01,Central Bank of India Apps,0.97,189.93
2024-09-01,Jammu and Kashmir Bank Apps,0.77,118.94
2024-09-01,Aditya Birla Capital Digital,0.72,32.26
2024-09-01,Union Bank Apps,0.62,212.37
2024-09-01,South Indian Bank Apps,0.6,169.06
2024-09-01,DBS Digibank Apps,0.52,200.42
2024-09-01,HSBC Bank Apps,0.51,153.54
2024-09-01,Fino Payments Bank Apps,0.49,57.89
2024-09-01,AU Small Finance Bank Apps,0.46,136.87
2024-09-01,Digikhata,0.38,122.41
2024-09-01,IndusInd Bank Apps,0.36,90.58
2024-09-01,Shri Ram One,0.35,42.33
2024-09-01,Kiwi,0.29,44.31
2024-09-01,Suryoday Bank Apps,0.29,0.03
2024-09-01,UCO Bank Apps,0.26,59.89
2024-09-01,Tata Pay,0.21,40.5
2024-09-01,Indian Overseas Bank Apps,0.17,48.02
2024-09-01,Standard Chartered Bank Apps,0.17,108.86
2024-09-01,Karnataka Bank Apps,0.15,31.93
2024-09-01,Bank of India Apps,0.15,35.33
2024-09-01,Dhani,0.13,15.76
2024-09-01,Ultracash,0.12,8.71
2024-09-01,Niyo Global,0.09,49.74
2024-09-01,IDBI Bank Apps,0.09,34.69
2024-09-01,NSDL Payments Bank Apps,0.08,10.6
2024-09-01,City Union Bank Apps,0.07,27.34
2024-09-01,Tamilnad Mercantile Bank Apps,0.07,22.04
2024-09-01,Rapipay,0.06,9.55
2024-09-01,Bharat Pe,0.06,6.03
2024-09-01,True Balance,0.05,6.37
2024-09-01,One Card,0.05,27.93
2024-09-01,Karur Vysya Bank Apps,0.05,16.83
2024-09-01,Salary Se,0.04,1.78
2024-09-01,Freo,0.04,1.91
2024-09-01,Punjab Sind Bank Apps,0.03,16.39
2024-09-01,Equitas Small Finance Bank Apps,0.03,24.45
2024-09-01,Citi Bank Apps,0.03,1.93
2024-09-01,Allahabad Bank Apps,0.02,5.54
2024-10-01,PhonePe,7905.54,1169290.03
2024-10-01,Google Pay,6201.81,849327.38
2024-10-01,Paytm,1165.01,129584.98
2024-10-01,Navi,157.51,8841.9
2024-10-01,CRED,152.28,55202.12
2024-10-01,Axis Bank Apps,139.68,6829.53
2024-10-01,Amazon Pay,79.55,9205.72
2024-10-01,FamApp by Trio,69.9,825.19
2024-10-01,ICICI Bank Apps,57.54,23686.95
2024-10-01,WhatsApp,55.07,4137.17
2024-10-01,Kotak Mahindra Bank Apps,51.92,7565.22
2024-10-01,super.money,49.68,2167.86
2024-10-01,HDFC Bank Apps,39.41,10427.97
2024-10-01,Yes Bank Apps,36.79,10245.47
2024-10-01,BHIM,29.9,10170.6
2024-10-01,Airtel Payments Bank Apps,20.03,1504.36
2024-10-01,Mobikwik,17.2,2995.42
2024-10-01,Groww,15.35,11862.09
2024-10-01,Flipkart UPI,14.62,825.95
2024-10-01,Slice Small Finance Bank Apps,12.19,907.37
2024-10-01,State Bank of India Apps,11.73,3527.88
2024-10-01,Bajaj Finserv,10.66,2330.26
2024-10-01,India Post Payments Bank Apps,10.11,1507.56
2024-10-01,IDFC Bank Apps,9.33,2162.85
2024-10-01,Samsung Pay,8.56,664.7
2024-10-01,Jupiter Money,6.36,873.89
2024-10-01,Fi Money,3.44,421.4
2024-10-01,Punjab National Bank Apps,3.31,785.24
2024-10-01,Canara Bank Apps,3.27,898.89
2024-10-01,Jio Payments Bank Apps,3.23,269.69
2024-10-01,Indian Bank Apps,3.11,513.43
2024-10-01,Federal Bank Apps,2.96,542.57
2024-10-01,POP UPI,2.93,209.84
2024-10-01,RBL Bank Apps,2.88,723.15
2024-10-01,Deutsche Bank Apps,2.58,395.32
2024-10-01,Timepay,2.15,18.6
2024-10-01,Omni Card,1.49,96.52
2024-10-01,Bank of Baroda Apps,1.16,499.63
2024-10-01,Central Bank of India Apps,1.11,219.02
2024-10-01,Aditya Birla Capital Digital,0.97,37.97
2024-10-01,Jammu and Kashmir Bank Apps,0.83,144.0
2024-10-01,Union Bank Apps,0.8,282.02
2024-10-01,HSBC Bank Apps,0.68,179.35
2024-10-01,South Indian Bank Apps,0.61,179.8
2024-10-01,DBS Digibank Apps,0.61,214.82
2024-10-01,Fino Payments Bank Apps,0.58,70.11
2024-10-01,AU Small Finance Bank Apps,0.49,146.98
2024-10-01,Shri Ram One,0.47,47.25
2024-10-01,Digikhata,0.46,166.18
2024-10-01,Kiwi,0.41,66.74
2024-10-01,IndusInd Bank Apps,0.36,93.29
2024-10-01,UCO Bank Apps,0.31,77.02
2024-10-01,Tata Pay,0.31,74.8
2024-10-01,One Card,0.29,261.08
2024-10-01,Suryoday Bank Apps,0.26,0.05
2024-10-01,Bank of India Apps,0.2,45.85
2024-10-01,Indian Overseas Bank Apps,0.2,56.07
2024-10-01,Standard Chartered Bank Apps,0.2,131.83
2024-10-01,Karnataka Bank Apps,0.16,34.88
2024-10-01,Dhani,0.13,14.62
2024-10-01,True Balance,0.13,16.51
2024-10-01,Niyo Global,0.1,55.57
2024-10-01,NSDL Payments Bank Apps,0.09,12.1
2024-10-01,Ultracash,0.09,5.94
2024-10-01,Rapipay,0.08,11.38
2024-10-01,City Union Bank Apps,0.08,29.97
2024-10-01,IDBI Bank Apps,0.08,29.72
2024-10-01,Tamilnad Mercantile Bank Apps,0.07,24.55
2024-10-01,Salary Se,0.07,3.95
2024-10-01,ESAF Small Finance Bank Apps,0.06,8.57
2024-10-01,Bharat Pe,0.05,7.27
2024-10-01,Freo,0.05,2.7
2024-10-01,Karur Vysya Bank Apps,0.05,18.4
2024-10-01,Equitas Small Finance Bank Apps,0.04,29.7
2024-10-01,Punjab Sind Bank Apps,0.03,16.46
2024-10-01,Cheq,0.02,1.62
2024-11-01,PhonePe,7401.93,1088635.03
2024-11-01,Google Pay,5739.12,764639.66
2024-11-01,Paytm,1075.09,118004.06
2024-11-01,Navi,152.95,8806.45
2024-11-01,CRED,138.24,50560.48
2024-11-01,Axis Bank Apps,130.36,6337.84
2024-11-01,super.money,78.49,3130.1
2024-11-01,Amazon Pay,71.6,7914.87
2024-11-01,FamApp by Trio,67.41,777.46
2024-11-01,ICICI Bank Apps,53.71,21498.14
2024-11-01,WhatsApp,51.76,3890.1
2024-11-01,Kotak Mahindra Bank Apps,47.35,6583.09
2024-11-01,HDFC Bank Apps,36.84,10417.27
2024-11-01,Yes Bank Apps,35.69,9215.09
2024-11-01,BHIM,27.05,8210.65
2024-11-01,Airtel Payments Bank Apps,18.6,1389.73
2024-11-01,Mobikwik,16.63,2942.38
2024-11-01,Flipkart UPI,13.25,636.91
2024-11-01,Groww,13.22,8479.87
2024-11-01,Slice Small Finance Bank Apps,11.54,845.13
2024-11-01,State Bank of India Apps,10.46,3035.13
2024-11-01,India Post Payments Bank Apps,8.91,1131.95
2024-11-01,IDFC Bank Apps,8.6,1932.32
2024-11-01,Bajaj Finserv,8.1,1584.15
2024-11-01,Samsung Pay,7.9,578.99
2024-11-01,Jupiter Money,6.02,825.36
2024-11-01,RBL Bank Apps,5.03,914.28
2024-11-01,POP UPI,4.0,267.15
2024-11-01,Federal Bank Apps,3.36,578.23
2024-11-01,Punjab National Bank Apps,3.31,753.1
2024-11-01,Jio Payments Bank Apps,3.18,263.81
2024-11-01,Fi Money,3.07,373.29
2024-11-01,Canara Bank Apps,3.01,802.16
2024-11-01,Deutsche Bank Apps,2.68,401.03
2024-11-01,Indian Bank Apps,2.19,410.19
2024-11-01,Timepay,1.72,19.88
2024-11-01,Omni Card,1.35,100.86
2024-11-01,Central Bank of India Apps,1.06,197.17
2024-11-01,Bank of Baroda Apps,1.01,389.1
2024-11-01,Jammu and Kashmir Bank Apps,0.79,135.44
2024-11-01,Union Bank Apps,0.73,238.56
2024-11-01,Kiwi,0.69,106.42
2024-11-01,HSBC Bank Apps,0.68,176.45
2024-11-01,Aditya Birla Capital Digital,0.66,30.09
2024-11-01,South Indian Bank Apps,0.59,167.92
2024-11-01,DBS Digibank Apps,0.57,191.73
2024-11-01,Fino Payments Bank Apps,0.51,64.81
2024-11-01,Digikhata,0.46,156.43
2024-11-01,AU Small Finance Bank Apps,0.45,134.47
2024-11-01,Shri Ram One,0.38,39.72
2024-11-01,IndusInd Bank Apps,0.36,92.32
2024-11-01,One Card,0.36,356.22
2024-11-01,Tata Pay,0.3,78.83
2024-11-01,True Balance,0.29,33.18
2024-11-01,UCO Bank Apps,0.28,66.32
2024-11-01,Bank of India Apps,0.2,55.8
2024-11-01,Standard Chartered Bank Apps,0.18,114.58
2024-11-01,Indian Overseas Bank Apps,0.18,49.21
2024-11-01,Karnataka Bank Apps,0.18,38.31
2024-11-01,Dhani,0.13,13.25
2024-11-01,ESAF Small Finance Bank Apps,0.12,14.69
2024-11-01,Niyo Global,0.09,52.41
2024-11-01,Rapipay,0.09,11.7
2024-11-01,Suryoday Bank Apps,0.08,0.23
2024-11-01,IDBI Bank Apps,0.08,30.01
2024-11-01,Ultracash,0.08,5.71
2024-11-01,NSDL Payments Bank Apps,0.08,9.73
2024-11-01,City Union Bank Apps,0.07,26.24
2024-11-01,Bharat Pe,0.07,8.29
2024-11-01,Tamilnad Mercantile Bank Apps,0.07,23.33
2024-11-01,Salary Se,0.07,3.75
2024-11-01,Genwise,0.06,22.84
2024-11-01,Karur Vysya Bank Apps,0.05,17.82
2024-11-01,Equitas Small Finance Bank Apps,0.03,25.69
2024-11-01,Freo,0.03,1.8
2024-11-01,Cheq,0.03,1.84
2024-11-01,Money View,0.02,2.77
2024-11-01,Punjab Sind Bank Apps,0.02,10.76
2024-11-01,Spice Money,0.02,2.73
2024-11-01,Kredit Pe,0.02,2.67
2024-12-01,PhonePe,7984.05,1176300.32
2024-12-01,Google Pay,6140.47,822598.36
2024-12-01,Paytm,1150.96,125739.66
2024-12-01,Navi,202.53,11317.09
2024-12-01,CRED,143.07,50979.94
2024-12-01,Axis Bank Apps,128.36,6159.9
2024-12-01,super.money,101.81,3866.39
2024-12-01,Amazon Pay,91.94,9330.97
2024-12-01,FamApp by Trio,75.74,870.68
2024-12-01,ICICI Bank Apps,61.86,21904.55
2024-12-01,WhatsApp,57.85,4348.19
2024-12-01,Kotak Mahindra Bank Apps,52.06,7286.24
2024-12-01,HDFC Bank Apps,41.84,12526.57
2024-12-01,Yes Bank Apps,40.98,9216.96
2024-12-01,BHIM,30.22,9170.75
2024-12-01,Airtel Payments Bank Apps,20.29,1497.32
2024-12-01,Mobikwik,20.26,3478.58
2024-12-01,Groww,13.78,9341.27
2024-12-01,Flipkart UPI,12.75,606.35
2024-12-01,Slice Small Finance Bank Apps,12.06,882.04
2024-12-01,State Bank of India Apps,12.05,3411.38
2024-12-01,India Post Payments Bank Apps,10.76,1337.1
2024-12-01,IDFC Bank Apps,9.27,2103.6
2024-12-01,Samsung Pay,8.59,614.74
2024-12-01,Bajaj Finserv,8.55,1652.53
2024-12-01,RBL Bank Apps,8.37,1511.43
2024-12-01,Jupiter Money,6.41,910.03
2024-12-01,POP UPI,6.2,391.63
2024-12-01,Federal Bank Apps,3.94,673.09
2024-12-01,Jio Payments Bank Apps,3.46,287.81
2024-12-01,Deutsche Bank Apps,3.37,296.88
2024-12-01,Punjab National Bank Apps,3.32,792.81
2024-12-01,Fi Money,3.32,412.1
2024-12-01,Canara Bank Apps,3.2,848.14
2024-12-01,Indian Bank Apps,2.21,435.17
2024-12-01,Omni Card,1.45,85.46
2024-12-01,Central Bank of India Apps,1.25,221.54
2024-12-01,Jammu and Kashmir Bank Apps,1.13,169.43
2024-12-01,Bank of Baroda Apps,1.12,431.5
2024-12-01,DBS Digibank Apps,1.07,219.66
2024-12-01,Timepay,1.01,13.49
2024-12-01,Suryoday Bank Apps,0.9,86.33
2024-12-01,Aditya Birla Capital Digital,0.83,37.24
2024-12-01,Kiwi,0.81,134.02
2024-12-01,Union Bank Apps,0.76,255.63
2024-12-01,HSBC Bank Apps,0.74,195.01
2024-12-01,South Indian Bank Apps,0.63,181.57
2024-12-01,Shri Ram One,0.61,57.11
2024-12-01,Digikhata,0.56,170.77
2024-12-01,Fino Payments Bank Apps,0.55,72.04
2024-12-01,One Card,0.5,549.1
2024-12-01,AU Small Finance Bank Apps,0.49,151.24
2024-12-01,True Balance,0.41,21.49
2024-12-01,IndusInd Bank Apps,0.34,87.05
2024-12-01,UCO Bank Apps,0.32,76.33
2024-12-01,Tata Pay,0.3,81.2
2024-12-01,Indian Overseas Bank Apps,0.23,59.7
2024-12-01,Bank of India Apps,0.22,68.38
2024-12-01,Karnataka Bank Apps,0.22,47.38
2024-12-01,Standard Chartered Bank Apps,0.2,123.19
2024-12-01,ESAF Small Finance Bank Apps,0.19,20.5
2024-12-01,Dhani,0.14,12.18
2024-12-01,Bharat Pe,0.11,13.25
2024-12-01,Rapipay,0.1,12.52
2024-12-01,Niyo Global,0.1,56.0
2024-12-01,IDBI Bank Apps,0.1,35.31
2024-12-01,Salary Se,0.1,4.8
2024-12-01,Ultracash,0.09,6.16
2024-12-01,Ind Money,0.08,28.5
2024-12-01,City Union Bank Apps,0.08,28.56
2024-12-01,Tamilnad Mercantile Bank Apps,0.08,25.95
2024-12-01,Karur Vysya Bank Apps,0.07,24.98
2024-12-01,NSDL Payments Bank Apps,0.07,8.36
2024-12-01,Spice Money,0.06,5.97
2024-12-01,Money View,0.06,4.42
2024-12-01,Kredit Pe,0.05,6.27
2024-12-01,Equitas Small Finance Bank Apps,0.04,28.67
2024-12-01,Bank of Maharashtra Apps,0.04,12.79
2024-12-01,Genwise,0.03,31.68
2024-12-01,Cheq,0.03,2.43
2024-12-01,Freo,0.02,1.72
2024-12-01,Punjab Sind Bank Apps,0.02,7.78
2025-01-01,PhonePe,8102.44,1191303.98
2025-01-01,Google Pay,6183.91,826845.07
2025-01-01,Paytm,1152.34,126313.45
2025-01-01,Navi,242.83,13221.33
2025-01-01,CRED,137.44,49482.95
2025-01-01,Axis Bank Apps,126.62,7769.17
2025-01-01,super.money,124.83,4565.57
2025-01-01,Amazon Pay,99.95,9843.47
2025-01-01,FamApp by Trio,79.01,896.25
2025-01-01,WhatsApp,60.99,4550.41
2025-01-01,ICICI Bank Apps,58.23,18928.62
2025-01-01,Kotak Mahindra Bank Apps,53.71,7489.75
2025-01-01,HDFC Bank Apps,49.6,11086.42
2025-01-01,Yes Bank Apps,41.57,8877.26
2025-01-01,BHIM,33.88,9333.77
2025-01-01,Mobikwik,23.66,3811.43
2025-01-01,Airtel Payments Bank Apps,20.96,1498.83
2025-01-01,Groww,15.4,11200.31
2025-01-01,India Post Payments Bank Apps,12.57,1509.59
2025-01-01,State Bank of India Apps,12.49,3515.63
2025-01-01,IDFC Bank Apps,11.77,2283.04
2025-01-01,RBL Bank Apps,8.62,1418.15
2025-01-01,Samsung Pay,8.57,608.41
2025-01-01,Bajaj Finserv,8.19,1649.36
2025-01-01,POP UPI,8.1,431.96
2025-01-01,Slice Small Finance Bank Apps,7.88,569.95
2025-01-01,Flipkart UPI,7.58,393.64
2025-01-01,Jupiter Money,6.31,913.95
2025-01-01,Federal Bank Apps,4.3,744.89
2025-01-01,Jio Payments Bank Apps,3.66,293.42
2025-01-01,Punjab National Bank Apps,3.45,864.8
2025-01-01,Canara Bank Apps,3.36,884.57
2025-01-01,Deutsche Bank Apps,3.32,322.75
2025-01-01,Fi Money,3.25,401.64
2025-01-01,Indian Bank Apps,2.07,437.0
2025-01-01,Timepay,1.8,22.39
2025-01-01,Suryoday Bank Apps,1.74,323.72
2025-01-01,Jammu and Kashmir Bank Apps,1.62,212.89
2025-01-01,Omni Card,1.49,96.0
2025-01-01,Central Bank of India Apps,1.34,237.42
2025-01-01,Bank of Baroda Apps,1.23,442.03
2025-01-01,DBS Digibank Apps,1.13,225.49
2025-01-01,Aditya Birla Capital Digital,0.93,39.03
2025-01-01,Kiwi,0.82,141.6
2025-01-01,HSBC Bank Apps,0.82,201.79
2025-01-01,Union Bank Apps,0.75,257.23
2025-01-01,One Card,0.7,799.37
2025-01-01,South Indian Bank Apps,0.65,192.73
2025-01-01,Digikhata,0.64,194.07
2025-01-01,Ind Money,0.63,293.14
2025-01-01,Shri Ram One,0.6,63.97
2025-01-01,Fino Payments Bank Apps,0.59,78.97
2025-01-01,AU Small Finance Bank Apps,0.5,154.35
2025-01-01,UCO Bank Apps,0.34,85.35
2025-01-01,Tata Pay,0.3,89.22
2025-01-01,IndusInd Bank Apps,0.26,58.26
2025-01-01,Indian Overseas Bank Apps,0.25,66.56
2025-01-01,Karnataka Bank Apps,0.25,52.98
2025-01-01,ESAF Small Finance Bank Apps,0.24,26.7
2025-01-01,Bank of India Apps,0.24,78.25
2025-01-01,True Balance,0.23,9.01
2025-01-01,Bharat Pe,0.21,19.64
2025-01-01,Standard Chartered Bank Apps,0.2,123.89
2025-01-01,Salary Se,0.16,7.76
2025-01-01,Dhani,0.15,7.72
2025-01-01,Money View,0.12,9.77
2025-01-01,Rapipay,0.11,13.96
2025-01-01,IDBI Bank Apps,0.11,41.84
2025-01-01,Niyo Global,0.1,48.75
2025-01-01,Ultracash,0.09,6.74
2025-01-01,Kredit Pe,0.09,11.04
2025-01-01,City Union Bank Apps,0.08,29.52
2025-01-01,Karur Vysya Bank Apps,0.08,29.32
2025-01-01,Tamilnad Mercantile Bank Apps,0.08,26.96
2025-01-01,Spice Money,0.08,7.67
2025-01-01,NSDL Payments Bank Apps,0.07,8.35
2025-01-01,Genwise,0.05,29.81
2025-01-01,Bank of Maharashtra Apps,0.04,15.22
2025-01-01,Equitas Small Finance Bank Apps,0.04,28.47
2025-01-01,Cheq,0.03,2.39
2025-01-01,Punjab Sind Bank Apps,0.03,11.6
2025-01-01,Freo,0.02,1.55
2025-02-01,PhonePe,7656.4,1118963.81
2025-02-01,Google Pay,5836.8,771089.15
2025-02-01,Paytm,1079.64,117090.29
2025-02-01,Navi,260.75,14322.97
2025-02-01,super.money,139.1,4812.44
2025-02-01,CRED,126.48,45127.72
2025-02-01,Axis Bank Apps,117.7,9197.33
2025-02-01,Amazon Pay,93.31,9077.3
2025-02-01,FamApp by Trio,77.08,876.12
2025-02-01,WhatsApp,58.86,4349.62
2025-02-01,ICICI Bank Apps,54.11,14374.53
2025-02-01,Kotak Mahindra Bank Apps,50.53,6872.1
2025-02-01,HDFC Bank Apps,47.98,10547.64
2025-02-01,Yes Bank Apps,37.78,8385.06
2025-02-01,BHIM,36.88,8475.29
2025-02-01,Mobikwik,24.19,3733.72
2025-02-01,Airtel Payments Bank Apps,18.99,1349.23
2025-02-01,Slice Small Finance Bank Apps,15.31,1742.71
2025-02-01,Groww,12.81,8383.73
2025-02-01,India Post Payments Bank Apps,12.27,1463.53
2025-02-01,IDFC Bank Apps,11.98,2158.3
2025-02-01,State Bank of India Apps,11.68,3197.67
2025-02-01,RBL Bank Apps,8.86,1421.89
2025-02-01,Bajaj Finserv,8.39,1707.51
2025-02-01,Samsung Pay,8.09,576.3
2025-02-01,POP UPI,7.27,419.36
2025-02-01,Jupiter Money,5.95,858.34
2025-02-01,Flipkart UPI,4.42,238.42
2025-02-01,Federal Bank Apps,4.08,715.26
2025-02-01,Jio Payments Bank Apps,3.66,290.56
2025-02-01,Canara Bank Apps,3.25,837.13
2025-02-01,Punjab National Bank Apps,3.19,809.91
2025-02-01,Deutsche Bank Apps,3.12,442.68
2025-02-01,Fi Money,2.99,377.32
2025-02-01,Timepay,2.19,28.77
2025-02-01,IndusInd Bank Apps,1.76,307.45
2025-02-01,Bank of Baroda Apps,1.72,472.44
2025-02-01,Jammu and Kashmir Bank Apps,1.57,216.84
2025-02-01,Omni Card,1.41,93.44
2025-02-01,Central Bank of India Apps,1.36,233.31
2025-02-01,Shri Ram One,1.16,81.1
2025-02-01,Suryoday Bank Apps,1.12,193.28
2025-02-01,Kiwi,1.01,155.81
2025-02-01,DBS Digibank Apps,1.0,202.69
2025-02-01,HSBC Bank Apps,0.82,186.7
2025-02-01,Ind Money,0.78,357.98
2025-02-01,Aditya Birla Capital Digital,0.7,29.68
2025-02-01,Digikhata,0.68,208.81
2025-02-01,Union Bank Apps,0.67,225.15
2025-02-01,One Card,0.66,742.49
2025-02-01,Bharat Pe,0.62,41.42
2025-02-01,South Indian Bank Apps,0.62,178.11
2025-02-01,Indian Bank Apps,0.61,168.69
2025-02-01,Fino Payments Bank Apps,0.53,68.54
2025-02-01,AU Small Finance Bank Apps,0.49,148.93
2025-02-01,UCO Bank Apps,0.35,89.18
2025-02-01,Salary Se,0.3,15.64
2025-02-01,Tata Pay,0.3,92.32
2025-02-01,Indian Overseas Bank Apps,0.27,67.2
2025-02-01,ESAF Small Finance Bank Apps,0.27,26.81
2025-02-01,Bank of India Apps,0.24,75.45
2025-02-01,Karnataka Bank Apps,0.23,50.92
2025-02-01,Standard Chartered Bank Apps,0.2,114.12
2025-02-01,Dhani,0.15,7.35
2025-02-01,Money View,0.15,15.33
2025-02-01,True Balance,0.13,4.64
2025-02-01,Kredit Pe,0.12,16.73
2025-02-01,Rapipay,0.12,14.62
2025-02-01,Spice Money,0.1,9.88
2025-02-01,Niyo Global,0.09,46.26
2025-02-01,IDBI Bank Apps,0.09,32.23
2025-02-01,Ultracash,0.09,6.62
2025-02-01,City Union Bank Apps,0.08,28.98
2025-02-01,Karur Vysya Bank Apps,0.08,28.6
2025-02-01,Tamilnad Mercantile Bank Apps,0.08,26.47
2025-02-01,NSDL Payments Bank Apps,0.08,8.12
2025-02-01,Genwise,0.07,24.26
2025-02-01,Freo,0.04,2.36
2025-02-01,Cheq,0.03,2.44
2025-02-01,Punjab Sind Bank Apps,0.03,9.76
2025-02-01,Bank of Maharashtra Apps,0.02,9.03
2025-03-01,PhonePe,8647.78,1257075.54
2025-03-01,Google Pay,6596.76,866568.18
2025-03-01,Paytm,1221.12,132912.04
2025-03-01,Navi,324.42,18018.65
2025-03-01,super.money,171.75,5933.08
2025-03-01,Axis Bank Apps,145.78,9966.53
2025-03-01,CRED,144.82,55091.22
2025-03-01,Amazon Pay,111.06,10606.66
2025-03-01,FamApp by Trio,89.94,1099.28
2025-03-01,ICICI Bank Apps,67.63,16696.94
2025-03-01,WhatsApp,66.23,4958.25
2025-03-01,HDFC Bank Apps,60.94,11789.9
2025-03-01,Kotak Mahindra Bank Apps,57.05,7737.14
2025-03-01,BHIM,46.13,9540.09
2025-03-01,Yes Bank Apps,44.03,9388.85
2025-03-01,Mobikwik,29.8,4414.0
2025-03-01,Airtel Payments Bank Apps,21.63,1487.89
2025-03-01,Slice Small Finance Bank Apps,17.41,2069.31
2025-03-01,India Post Payments Bank Apps,16.58,1941.73
2025-03-01,IDFC Bank Apps,14.53,2486.08
2025-03-01,State Bank of India Apps,12.61,3418.04
2025-03-01,RBL Bank Apps,12.59,1741.69
2025-03-01,Groww,11.63,7009.63
2025-03-01,Bajaj Finserv,9.66,1892.01
2025-03-01,Samsung Pay,8.95,642.73
2025-03-01,POP UPI,8.53,449.95
2025-03-01,Jupiter Money,6.49,958.52
2025-03-01,Federal Bank Apps,4.75,869.77
2025-03-01,Flipkart UPI,4.72,257.82
2025-03-01,Jio Payments Bank Apps,4.08,318.2
2025-03-01,Canara Bank Apps,3.75,975.91
2025-03-01,Deutsche Bank Apps,3.62,532.05
2025-03-01,Punjab National Bank Apps,3.38,898.95
2025-03-01,Fi Money,3.25,434.16
2025-03-01,Timepay,3.07,37.66
2025-03-01,Bank of Baroda Apps,2.11,588.95
2025-03-01,IndusInd Bank Apps,2.04,346.0
2025-03-01,Shri Ram One,1.75,116.77
2025-03-01,Jammu and Kashmir Bank Apps,1.75,261.45
2025-03-01,Omni Card,1.59,86.51
2025-03-01,Central Bank of India Apps,1.57,268.0
2025-03-01,Kiwi,1.41,213.93
2025-03-01,Suryoday Bank Apps,1.26,178.92
2025-03-01,Bharat Pe,1.07,68.67
2025-03-01,DBS Digibank Apps,1.02,230.21
2025-03-01,HSBC Bank Apps,1.0,224.84
2025-03-01,Ind Money,0.95,436.8
2025-03-01,Aditya Birla Capital Digital,0.88,39.97
2025-03-01,One Card,0.82,973.0
2025-03-01,Digikhata,0.8,258.58
2025-03-01,Union Bank Apps,0.72,241.09
2025-03-01,South Indian Bank Apps,0.68,204.88
2025-03-01,Indian Bank Apps,0.64,176.18
2025-03-01,AU Small Finance Bank Apps,0.59,174.06
2025-03-01,Fino Payments Bank Apps,0.58,63.84
2025-03-01,Standard Chartered Bank Apps,0.5,146.46
2025-03-01,UCO Bank Apps,0.44,110.34
2025-03-01,Tata Pay,0.38,111.95
2025-03-01,ESAF Small Finance Bank Apps,0.38,40.78
2025-03-01,Salary Se,0.36,18.23
2025-03-01,Bank of India Apps,0.27,86.1
2025-03-01,Indian Overseas Bank Apps,0.26,60.29
2025-03-01,Karnataka Bank Apps,0.25,57.72
2025-03-01,Kredit Pe,0.19,26.43
2025-03-01,Money View,0.18,18.99
2025-03-01,Dhani,0.17,8.44
2025-03-01,Spice Money,0.16,12.87
2025-03-01,Rapipay,0.14,17.08
2025-03-01,IDBI Bank Apps,0.13,45.74
2025-03-01,Ultracash,0.11,8.67
2025-03-01,Niyo Global,0.11,54.39
2025-03-01,True Balance,0.1,3.41
2025-03-01,Karur Vysya Bank Apps,0.09,33.66
2025-03-01,City Union Bank Apps,0.09,31.31
2025-03-01,Tamilnad Mercantile Bank Apps,0.08,29.48
2025-03-01,Genwise,0.07,28.34
2025-03-01,Freo,0.05,3.87
2025-03-01,NSDL Payments Bank Apps,0.04,5.54
2025-03-01,Cheq,0.03,2.43
2025-03-01,Bank of Maharashtra Apps,0.03,9.11
2025-03-01,Punjab Sind Bank Apps,0.03,9.19
2025-04-01,PhonePe,8362.31,1205047.3
2025-04-01,Google Pay,6488.55,842628.56
2025-04-01,Paytm,1210.24,131153.97
2025-04-01,Navi,344.21,18841.19
2025-04-01,super.money,175.24,5924.95
2025-04-01,CRED,134.67,49753.0
2025-04-01,Axis Bank Apps,120.05,9147.64
2025-04-01,FamApp by Trio,99.91,1241.8
2025-04-01,Amazon Pay,98.26,9966.68
2025-04-01,WhatsApp,67.4,5065.44
2025-04-01,ICICI Bank Apps,58.11,16223.97
2025-04-01,Kotak Mahindra Bank Apps,57.73,7681.65
2025-04-01,HDFC Bank Apps,57.46,11947.75
2025-04-01,BHIM,53.57,10363.27
2025-04-01,Yes Bank Apps,48.3,9059.27
2025-04-01,Mobikwik,31.7,4277.05
2025-04-01,Airtel Payments Bank Apps,20.4,1416.39
2025-04-01,Slice Small Finance Bank Apps,17.81,2120.01
2025-04-01,IDFC Bank Apps,16.09,2435.24
2025-04-01,India Post Payments Bank Apps,14.76,1738.65
2025-04-01,RBL Bank Apps,14.09,1653.13
2025-04-01,State Bank of India Apps,13.16,3524.25
2025-04-01,Groww,12.37,8788.46
2025-04-01,POP UPI,10.38,445.95
2025-04-01,Bajaj Finserv,10.25,2002.37
2025-04-01,Samsung Pay,8.72,619.96
2025-04-01,Jupiter Money,6.15,900.17
2025-04-01,Federal Bank Apps,4.89,894.05
2025-04-01,Jio Payments Bank Apps,4.21,315.88
2025-04-01,Canara Bank Apps,3.71,970.18
2025-04-01,Deutsche Bank Apps,3.56,647.42
2025-04-01,Flipkart UPI,3.47,195.89
2025-04-01,Punjab National Bank Apps,3.4,912.54
2025-04-01,Timepay,3.12,40.66
2025-04-01,Fi Money,3.01,396.69
2025-04-01,Kiwi,2.41,297.79
2025-04-01,IndusInd Bank Apps,2.17,345.61
2025-04-01,Jammu and Kashmir Bank Apps,2.11,281.4
2025-04-01,Shri Ram One,2.09,137.77
2025-04-01,Bank of Baroda Apps,1.9,567.22
2025-04-01,Standard Chartered Bank Apps,1.9,158.39
2025-04-01,Omni Card,1.57,84.95
2025-04-01,Central Bank of India Apps,1.54,263.72
2025-04-01,DBS Digibank Apps,1.1,213.38
2025-04-01,Ind Money,1.05,541.53
2025-04-01,HSBC Bank Apps,0.88,107.13
2025-04-01,Digikhata,0.8,254.47
2025-04-01,Bharat Pe,0.78,59.59
2025-04-01,Suryoday Bank Apps,0.75,135.57
2025-04-01,One Card,0.74,842.35
2025-04-01,Union Bank Apps,0.72,243.46
2025-04-01,Indian Bank Apps,0.7,186.42
2025-04-01,South Indian Bank Apps,0.68,200.19
2025-04-01,Aditya Birla Capital Digital,0.63,32.69
2025-04-01,AU Small Finance Bank Apps,0.57,178.31
2025-04-01,Fino Payments Bank Apps,0.51,54.6
2025-04-01,UCO Bank Apps,0.46,116.7
2025-04-01,ESAF Small Finance Bank Apps,0.44,52.11
2025-04-01,Tata Pay,0.39,118.54
2025-04-01,Salary Se,0.37,17.58
2025-04-01,Bank of India Apps,0.3,90.46
2025-04-01,Indian Overseas Bank Apps,0.27,63.56
2025-04-01,Karnataka Bank Apps,0.24,58.02
2025-04-01,Money View,0.23,25.72
2025-04-01,Kredit Pe,0.22,28.84
2025-04-01,Spice Money,0.17,12.63
2025-04-01,Dhani,0.16,7.15
2025-04-01,Rapipay,0.15,16.93
2025-04-01,IDBI Bank Apps,0.13,47.44
2025-04-01,Niyo Global,0.11,58.73
2025-04-01,Ultracash,0.1,8.26
2025-04-01,Karur Vysya Bank Apps,0.09,33.47
2025-04-01,True Balance,0.09,3.02
2025-04-01,Tamilnad Mercantile Bank Apps,0.09,31.21
2025-04-01,City Union Bank Apps,0.08,29.3
2025-04-01,Genwise,0.07,27.48
2025-04-01,NSDL Payments Bank Apps,0.06,6.78
2025-04-01,Freo,0.04,2.6
2025-04-01,Obopay,0.04,4.79
2025-04-01,Unity Small Finance Bank Apps,0.03,6.73
2025-04-01,Punjab Sind Bank Apps,0.03,9.5
2025-04-01,Cheq,0.02,1.72
2025-04-01,Bank of Maharashtra Apps,0.02,6.66
2025-05-01,PhonePe,8682.08,1256541.09
2025-05-01,Google Pay,6740.42,884735.12
2025-05-01,Paytm,1277.56,138068.97
2025-05-01,Navi,386.21,21350.35
2025-05-01,super.money,203.42,7054.28
2025-05-01,CRED,141.95,55242.72
2025-05-01,Axis Bank Apps,120.03,9683.82
2025-05-01,FamApp by Trio,110.38,1415.4
2025-05-01,Amazon Pay,98.68,10343.44
2025-05-01,WhatsApp,70.19,5280.89
2025-05-01,BHIM,64.6,11243.73
2025-05-01,HDFC Bank Apps,63.19,14806.6
2025-05-01,Kotak Mahindra Bank Apps,59.74,7862.6
2025-05-01,ICICI Bank Apps,59.47,16689.54
2025-05-01,Yes Bank Apps,53.52,9518.96
2025-05-01,Mobikwik,33.92,4674.33
2025-05-01,Airtel Payments Bank Apps,20.14,1447.35
2025-05-01,Slice Small Finance Bank Apps,19.85,2330.22
2025-05-01,India Post Payments Bank Apps,16.51,1834.83
2025-05-01,IDFC Bank Apps,16.21,2493.29
2025-05-01,POP UPI,13.59,500.88
2025-05-01,State Bank of India Apps,13.48,3700.3
2025-05-01,RBL Bank Apps,13.27,1762.42
2025-05-01,Groww,12.14,8443.05
2025-05-01,Bajaj Finserv,10.67,2219.95
2025-05-01,Samsung Pay,9.14,656.92
2025-05-01,Jupiter Money,6.4,950.85
2025-05-01,Federal Bank Apps,5.09,982.11
2025-05-01,Jio Payments Bank Apps,4.7,341.19
2025-05-01,Deutsche Bank Apps,4.02,723.88
2025-05-01,Timepay,3.9,50.01
2025-05-01,Canara Bank Apps,3.85,992.9
2025-05-01,Punjab National Bank Apps,3.6,953.88
2025-05-01,Kiwi,3.58,428.68
2025-05-01,Flipkart UPI,3.23,187.83
2025-05-01,Standard Chartered Bank Apps,3.02,180.55
2025-05-01,Fi Money,2.99,407.88
2025-05-01,Shri Ram One,2.58,165.88
2025-05-01,Jammu and Kashmir Bank Apps,2.36,308.47
2025-05-01,IndusInd Bank Apps,1.99,258.89
2025-05-01,Bank of Baroda Apps,1.8,528.32
2025-05-01,Omni Card,1.63,92.27
2025-05-01,Central Bank of India Apps,1.56,268.09
2025-05-01,Ind Money,1.3,560.96
2025-05-01,Suryoday Bank Apps,1.25,218.46
2025-05-01,DBS Digibank Apps,1.06,226.65
2025-05-01,HSBC Bank Apps,1.03,124.36
2025-05-01,Digikhata,0.87,282.69
2025-05-01,Indian Bank Apps,0.8,202.18
2025-05-01,One Card,0.8,954.81
2025-05-01,Bharat Pe,0.74,58.21
2025-05-01,Union Bank Apps,0.73,241.85
2025-05-01,South Indian Bank Apps,0.71,211.09
2025-05-01,AU Small Finance Bank Apps,0.6,184.67
2025-05-01,ESAF Small Finance Bank Apps,0.57,63.39
2025-05-01,Fino Payments Bank Apps,0.54,56.9
2025-05-01,Aditya Birla Capital Digital,0.49,26.92
2025-05-01,UCO Bank Apps,0.48,122.06
2025-05-01,Tata Pay,0.45,132.55
2025-05-01,Salary Se,0.43,20.47
2025-05-01,Money View,0.32,31.91
2025-05-01,Kredit Pe,0.32,35.29
2025-05-01,Bank of India Apps,0.3,91.04
2025-05-01,Indian Overseas Bank Apps,0.27,64.81
2025-05-01,Karnataka Bank Apps,0.25,59.72
2025-05-01,Spice Money,0.2,14.26
2025-05-01,Dhani,0.17,8.63
2025-05-01,NSDL Payments Bank Apps,0.17,16.25
2025-05-01,Rapipay,0.17,19.16
2025-05-01,IDBI Bank Apps,0.13,49.81
2025-05-01,Ultracash,0.1,7.77
2025-05-01,True Balance,0.1,3.01
2025-05-01,Karur Vysya Bank Apps,0.1,35.02
2025-05-01,Tamilnad Mercantile Bank Apps,0.09,32.95
2025-05-01,Niyo Global,0.07,25.75
2025-05-01,City Union Bank Apps,0.07,29.97
2025-05-01,Obopay,0.06,8.77
2025-05-01,Unity Small Finance Bank Apps,0.06,12.79
2025-05-01,Freo,0.04,2.27
2025-05-01,Payworld,0.03,2.21
2025-05-01,Punjab Sind Bank Apps,0.02,8.87
2025-05-01,Bank of Maharashtra Apps,0.02,7.44
2025-06-01,PhonePe,8547.04,1198690.03
2025-06-01,Google Pay,6540.92,840931.06
2025-06-01,Paytm,1269.16,134171.16
2025-06-01,Navi,406.01,21814.51
2025-06-01,super.money,218.96,7716.48
2025-06-01,CRED,138.32,51384.11
2025-06-01,Axis Bank Apps,126.27,9388.51
2025-06-01,FamApp by Trio,112.75,1439.64
2025-06-01,Amazon Pay,93.25,9942.48
2025-06-01,BHIM,73.07,11725.85
2025-06-01,WhatsApp,67.48,4989.34
2025-06-01,HDFC Bank Apps,67.46,14297.8
2025-06-01,ICICI Bank Apps,61.82,15983.92
2025-06-01,Kotak Mahindra Bank Apps,60.36,7735.27
2025-06-01,Yes Bank Apps,52.55,8917.32
2025-06-01,Mobikwik,34.43,4600.71
2025-06-01,POP UPI,32.33,834.39
2025-06-01,Airtel Payments Bank Apps,19.74,1368.2
2025-06-01,Slice Small Finance Bank Apps,17.76,2317.46
2025-06-01,IDFC Bank Apps,17.44,2481.31
2025-06-01,India Post Payments Bank Apps,16.65,1730.46
2025-06-01,State Bank of India Apps,13.35,3591.53
2025-06-01,Groww,12.46,8801.55
2025-06-01,Bajaj Finserv,11.4,2351.65
2025-06-01,RBL Bank Apps,10.7,1587.67
2025-06-01,Samsung Pay,8.81,624.29
2025-06-01,Jupiter Money,5.99,905.62
2025-06-01,Federal Bank Apps,5.22,1006.22
2025-06-01,Jio Payments Bank Apps,4.26,308.69
2025-06-01,Deutsche Bank Apps,4.02,723.95
2025-06-01,Timepay,3.96,50.49
2025-06-01,Canara Bank Apps,3.49,911.93
2025-06-01,Punjab National Bank Apps,3.46,917.08
2025-06-01,Kiwi,3.43,385.72
2025-06-01,Fi Money,2.75,375.21
2025-06-01,Flipkart UPI,2.52,144.64
2025-06-01,Jammu and Kashmir Bank Apps,2.41,316.86
2025-06-01,Shri Ram One,2.16,144.64
2025-06-01,Bank of Baroda Apps,1.77,497.24
2025-06-01,Standard Chartered Bank Apps,1.74,165.08
2025-06-01,Omni Card,1.62,93.83
2025-06-01,Ind Money,1.41,558.23
2025-06-01,IndusInd Bank Apps,1.31,173.24
2025-06-01,NSDL Payments Bank Apps,1.19,48.41
2025-06-01,HSBC Bank Apps,1.02,122.16
2025-06-01,Central Bank of India Apps,0.93,186.91
2025-06-01,Suryoday Bank Apps,0.9,121.41
2025-06-01,Digikhata,0.88,287.21
2025-06-01,DBS Digibank Apps,0.87,222.97
2025-06-01,Indian Bank Apps,0.87,203.68
2025-06-01,Union Bank Apps,0.74,236.2
2025-06-01,South Indian Bank Apps,0.73,208.33
2025-06-01,One Card,0.73,834.56
2025-06-01,AU Small Finance Bank Apps,0.62,184.72
2025-06-01,ESAF Small Finance Bank Apps,0.57,58.0
2025-06-01,Fino Payments Bank Apps,0.54,53.51
2025-06-01,Bharat Pe,0.54,46.14
2025-06-01,UCO Bank Apps,0.51,125.51
2025-06-01,Tata Pay,0.47,134.16
2025-06-01,Salary Se,0.46,21.59
2025-06-01,Kredit Pe,0.43,42.0
2025-06-01,Aditya Birla Capital Digital,0.37,42.7
2025-06-01,Money View,0.34,38.22
2025-06-01,Indian Overseas Bank Apps,0.28,67.04
2025-06-01,Bank of India Apps,0.28,82.52
2025-06-01,Karnataka Bank Apps,0.25,57.35
2025-06-01,Spice Money,0.2,14.16
2025-06-01,Rapipay,0.17,19.48
2025-06-01,Dhani,0.17,7.65
2025-06-01,IDBI Bank Apps,0.14,49.11
2025-06-01,Ultracash,0.1,7.45
2025-06-01,Karur Vysya Bank Apps,0.1,35.57
2025-06-01,Tamilnad Mercantile Bank Apps,0.09,32.85
2025-06-01,Obopay,0.08,11.38
2025-06-01,City Union Bank Apps,0.08,29.99
2025-06-01,True Balance,0.07,2.2
2025-06-01,Unity Small Finance Bank Apps,0.07,16.01
2025-06-01,Niyo Global,0.06,14.82
2025-06-01,Freo,0.03,2.23
2025-06-01,Payworld,0.03,1.96
2025-06-01,Bank of Maharashtra Apps,0.02,8.31
2025-07-01,PhonePe,8931.24,1220140.68
2025-07-01,Google Pay,6922.92,891297.38
2025-07-01,Paytm,1366.05,143650.62
2025-07-01,Navi,444.06,23562.51
2025-07-01,super.money,252.85,9018.71
2025-07-01,CRED,144.38,55259.9
2025-07-01,FamApp by Trio,125.0,1563.58
2025-07-01,Axis Bank Apps,123.44,9773.39
2025-07-01,Amazon Pay,100.53,10813.98
2025-07-01,BHIM,87.13,14522.39
2025-07-01,WhatsApp,74.6,5412.58
2025-07-01,ICICI Bank Apps,71.33,17102.36
2025-07-01,Kotak Mahindra Bank Apps,66.63,8497.73
2025-07-01,HDFC Bank Apps,64.97,15430.59
2025-07-01,POP UPI,63.63,1539.48
2025-07-01,Yes Bank Apps,55.6,9491.62
2025-07-01,Mobikwik,43.17,5578.43
2025-07-01,Airtel Payments Bank Apps,21.34,1509.17
2025-07-01,Slice Small Finance Bank Apps,19.83,2586.22
2025-07-01,India Post Payments Bank Apps,18.16,1759.02
2025-07-01,IDFC Bank Apps,18.08,2707.93
2025-07-01,Groww,14.06,11012.81
2025-07-01,State Bank of India Apps,12.26,3633.07
2025-07-01,Bajaj Finserv,10.87,2516.08
2025-07-01,Samsung Pay,9.34,669.72
2025-07-01,RBL Bank Apps,8.54,1388.7
2025-07-01,Jupiter Money,6.3,981.5
2025-07-01,Federal Bank Apps,5.86,1163.18
2025-07-01,Jio Payments Bank Apps,4.47,306.58
2025-07-01,Deutsche Bank Apps,4.43,770.63
2025-07-01,Canara Bank Apps,4.05,1018.59
2025-07-01,Punjab National Bank Apps,3.67,980.66
2025-07-01,Timepay,3.14,47.4
2025-07-01,Kiwi,2.85,323.87
2025-07-01,Fi Money,2.84,400.92
2025-07-01,NSDL Payments Bank Apps,2.78,110.25
2025-07-01,Flipkart UPI,2.7,155.64
2025-07-01,Jammu and Kashmir Bank Apps,2.62,343.24
2025-07-01,Shri Ram One,2.38,155.72
2025-07-01,Bank of Baroda Apps,2.01,529.28
2025-07-01,Ind Money,1.86,730.24
2025-07-01,Omni Card,1.73,98.15
2025-07-01,IndusInd Bank Apps,1.26,178.71
2025-07-01,Indian Bank Apps,1.11,255.91
2025-07-01,HSBC Bank Apps,1.09,135.52
2025-07-01,Suryoday Bank Apps,1.06,151.82
2025-07-01,Digikhata,1.01,320.5
2025-07-01,Standard Chartered Bank Apps,0.99,150.81
2025-07-01,Bharat Pe,0.92,62.45
2025-07-01,DBS Digibank Apps,0.88,222.49
2025-07-01,Central Bank of India Apps,0.86,186.24
2025-07-01,South Indian Bank Apps,0.83,240.25
2025-07-01,Union Bank Apps,0.79,259.13
2025-07-01,One Card,0.78,918.16
2025-07-01,Money View,0.71,64.31
2025-07-01,AU Small Finance Bank Apps,0.65,201.78
2025-07-01,Kredit Pe,0.6,54.67
2025-07-01,ESAF Small Finance Bank Apps,0.59,64.58
2025-07-01,UCO Bank Apps,0.57,140.44
2025-07-01,Fino Payments Bank Apps,0.55,55.18
2025-07-01,Salary Se,0.5,22.32
2025-07-01,Tata Pay,0.49,144.2
2025-07-01,Aditya Birla Capital Digital,0.39,23.14
2025-07-01,Bank of India Apps,0.31,95.7
2025-07-01,Indian Overseas Bank Apps,0.29,69.35
2025-07-01,Karnataka Bank Apps,0.26,61.44
2025-07-01,Spice Money,0.26,21.44
2025-07-01,Rapipay,0.22,23.19
2025-07-01,Dhani,0.2,8.73
2025-07-01,IDBI Bank Apps,0.16,60.93
2025-07-01,True Balance,0.13,4.22
2025-07-01,Ultracash,0.11,7.7
2025-07-01,Karur Vysya Bank Apps,0.11,38.44
2025-07-01,Obopay,0.11,15.31
2025-07-01,Tamilnad Mercantile Bank Apps,0.1,33.72
2025-07-01,Niyo Global,0.08,20.06
2025-07-01,City Union Bank Apps,0.07,27.83
2025-07-01,Unity Small Finance Bank Apps,0.07,16.97
2025-07-01,Freo,0.04,2.57
2025-07-01,Payworld,0.04,3.27
2025-07-01,Utkarsh Small Finance Bank Apps,0.02,3.19
2025-07-01,Bank of Maharashtra Apps,0.02,8.09
2025-07-01,Jar,0.02,0.5
2025-07-01,Punjab Sind Bank Apps,0.02,7.28
2025-08-01,PhonePe,9152.54,1199457.73
2025-08-01,Google Pay,7063.76,883682.27
2025-08-01,Paytm,1407.23,143484.97
2025-08-01,Navi,504.45,25396.91
2025-08-01,super.money,256.64,9290.21
2025-08-01,CRED,150.0,55756.24
2025-08-01,FamApp by Trio,135.65,1708.85
2025-08-01,Axis Bank Apps,135.14,9812.52
2025-08-01,BHIM,100.17,15002.68
2025-08-01,Amazon Pay,98.98,10830.8
2025-08-01,WhatsApp,78.21,5583.34
2025-08-01,ICICI Bank Apps,75.8,16589.76
2025-08-01,HDFC Bank Apps,72.86,16120.19
2025-08-01,Kotak Mahindra Bank Apps,71.87,8662.31
2025-08-01,Yes Bank Apps,54.33,9428.15
2025-08-01,Mobikwik,48.14,6010.88
2025-08-01,POP UPI,44.53,1694.22
2025-08-01,Airtel Payments Bank Apps,21.4,1650.42
2025-08-01,Slice Small Finance Bank Apps,20.75,2716.15
2025-08-01,India Post Payments Bank Apps,19.58,1892.61
2025-08-01,IDFC Bank Apps,17.48,2728.37
2025-08-01,Groww,13.01,9001.87
2025-08-01,State Bank of India Apps,12.99,3668.47
2025-08-01,Bajaj Finserv,11.63,2456.88
2025-08-01,Samsung Pay,9.9,682.42
2025-08-01,RBL Bank Apps,9.29,1456.85
2025-08-01,Federal Bank Apps,6.55,1295.01
2025-08-01,Jupiter Money,6.49,998.01
2025-08-01,Bharat Pe,4.69,233.82
2025-08-01,Jio Payments Bank Apps,4.65,319.72
2025-08-01,Canara Bank Apps,4.27,1028.07
2025-08-01,Deutsche Bank Apps,4.24,774.19
2025-08-01,Punjab National Bank Apps,3.79,964.86
2025-08-01,NSDL Payments Bank Apps,3.59,198.74
2025-08-01,Flipkart UPI,3.46,194.88
2025-08-01,Timepay,2.98,43.77
2025-08-01,Fi Money,2.77,391.19
2025-08-01,Kiwi,2.69,305.39
2025-08-01,Shri Ram One,2.61,159.27
2025-08-01,Jammu and Kashmir Bank Apps,2.47,334.59
2025-08-01,Bank of Baroda Apps,2.39,508.85
2025-08-01,Ind Money,2.15,758.73
2025-08-01,IndusInd Bank Apps,1.91,238.35
2025-08-01,Omni Card,1.82,113.4
2025-08-01,Suryoday Bank Apps,1.46,111.94
2025-08-01,Indian Bank Apps,1.26,281.53
2025-08-01,HSBC Bank Apps,1.21,151.55
2025-08-01,Digikhata,1.1,365.04
2025-08-01,Money View,1.03,74.94
2025-08-01,South Indian Bank Apps,0.9,248.87
2025-08-01,Union Bank Apps,0.84,259.85
2025-08-01,One Card,0.76,884.64
2025-08-01,DBS Digibank Apps,0.75,252.29
2025-08-01,Kredit Pe,0.71,60.21
2025-08-01,Central Bank of India Apps,0.71,161.42
2025-08-01,Fino Payments Bank Apps,0.69,68.05
2025-08-01,AU Small Finance Bank Apps,0.68,208.06
2025-08-01,ESAF Small Finance Bank Apps,0.59,63.66
2025-08-01,UCO Bank Apps,0.53,130.16
2025-08-01,Salary Se,0.53,24.31
2025-08-01,Tata Pay,0.52,155.47
2025-08-01,Aditya Birla Capital Digital,0.42,28.13
2025-08-01,Bank of India Apps,0.3,93.6
2025-08-01,Spice Money,0.3,26.1
2025-08-01,Karnataka Bank Apps,0.27,60.71
2025-08-01,Indian Overseas Bank Apps,0.26,64.38
2025-08-01,Standard Chartered Bank Apps,0.26,123.33
2025-08-01,Rapipay,0.24,25.0
2025-08-01,Dhani,0.22,9.85
2025-08-01,IDBI Bank Apps,0.17,67.08
2025-08-01,True Balance,0.15,4.9
2025-08-01,Obopay,0.11,16.77
2025-08-01,Karur Vysya Bank Apps,0.11,38.33
2025-08-01,Ultracash,0.1,7.48
2025-08-01,Tamilnad Mercantile Bank Apps,0.1,33.36
2025-08-01,Niyo Global,0.09,22.11
2025-08-01,City Union Bank Apps,0.07,28.22
2025-08-01,Unity Small Finance Bank Apps,0.07,19.76
2025-08-01,Payworld,0.04,4.0
2025-08-01,Jar,0.04,1.14
2025-08-01,Freo,0.04,2.43
2025-08-01,Utkarsh Small Finance Bank Apps,0.03,4.18
2025-08-01,Punjab Sind Bank Apps,0.02,6.63
2025-09-01,PhonePe,8961.78,1203787.91
2025-09-01,Google Pay,6832.93,873639.91
2025-09-01,Paytm,1394.07,145134.78
2025-09-01,Navi,526.02,26510.97
2025-09-01,super.money,256.34,9852.44
2025-09-01,Axis Bank Apps,158.05,14911.36
2025-09-01,CRED,147.86,54796.41
2025-09-01,FamApp by Trio,140.01,1751.77
2025-09-01,BHIM,110.84,16273.38
2025-09-01,Amazon Pay,91.4,10234.84
2025-09-01,WhatsApp,79.75,5768.86
2025-09-01,Kotak Mahindra Bank Apps,75.46,9168.77
2025-09-01,HDFC Bank Apps,74.6,16420.63
2025-09-01,ICICI Bank Apps,74.1,16624.59
2025-09-01,POP UPI,51.61,1953.68
2025-09-01,Yes Bank Apps,47.75,6758.44
2025-09-01,Mobikwik,46.95,5761.51
2025-09-01,Slice Small Finance Bank Apps,22.62,3014.8
2025-09-01,Airtel Payments Bank Apps,17.34,1290.54
2025-09-01,India Post Payments Bank Apps,16.81,1625.33
2025-09-01,Bharat Pe,16.07,1357.79
2025-09-01,Groww,14.17,10098.51
2025-09-01,IDFC Bank Apps,13.14,2718.78
2025-09-01,State Bank of India Apps,12.18,3614.58
2025-09-01,Bajaj Finserv,12.01,2520.3
2025-09-01,Samsung Pay,9.9,676.36
2025-09-01,RBL Bank Apps,7.92,1546.1
2025-09-01,Federal Bank Apps,6.61,1330.79
2025-09-01,Jupiter Money,6.06,958.38
2025-09-01,Jio Payments Bank Apps,5.0,344.89
2025-09-01,Deutsche Bank Apps,4.63,765.38
2025-09-01,Canara Bank Apps,4.27,1049.05
2025-09-01,Punjab National Bank Apps,3.88,983.32
2025-09-01,Flipkart UPI,3.58,263.48
2025-09-01,Timepay,2.98,41.89
2025-09-01,Fi Money,2.66,382.26
2025-09-01,Ind Money,2.61,870.13
2025-09-01,Bank of Baroda Apps,2.59,611.74
2025-09-01,Kiwi,2.5,306.62
2025-09-01,Jammu and Kashmir Bank Apps,2.38,348.51
2025-09-01,NSDL Payments Bank Apps,2.05,216.31
2025-09-01,Omni Card,1.86,118.22
2025-09-01,Shri Ram One,1.81,136.08
2025-09-01,Suryoday Bank Apps,1.68,13.47
2025-09-01,IndusInd Bank Apps,1.67,222.41
2025-09-01,Indian Bank Apps,1.38,316.14
2025-09-01,HSBC Bank Apps,1.22,145.89
2025-09-01,Money View,1.09,87.15
2025-09-01,Digikhata,1.05,352.31
2025-09-01,South Indian Bank Apps,0.86,248.26
2025-09-01,Fino Payments Bank Apps,0.78,69.88
2025-09-01,Union Bank Apps,0.73,232.38
2025-09-01,DBS Digibank Apps,0.73,250.9
2025-09-01,One Card,0.71,827.92
2025-09-01,AU Small Finance Bank Apps,0.69,221.41
2025-09-01,ESAF Small Finance Bank Apps,0.67,65.43
2025-09-01,Kredit Pe,0.67,54.86
2025-09-01,Aditya Birla Capital Digital,0.56,25.14
2025-09-01,Central Bank of India Apps,0.55,137.29
2025-09-01,UCO Bank Apps,0.54,140.39
2025-09-01,Tata Pay,0.5,159.6
2025-09-01,Salary Se,0.49,22.88
2025-09-01,Bank of India Apps,0.32,101.51
2025-09-01,Spice Money,0.3,28.07
2025-09-01,Karnataka Bank Apps,0.27,62.58
2025-09-01,Standard Chartered Bank Apps,0.25,113.63
2025-09-01,Indian Overseas Bank Apps,0.24,62.77
2025-09-01,Rapipay,0.23,24.83
2025-09-01,Dhani,0.23,10.7
2025-09-01,IDBI Bank Apps,0.17,69.18
2025-09-01,Jar,0.14,3.13
2025-09-01,True Balance,0.13,4.49
2025-09-01,Obopay,0.13,19.72
2025-09-01,Karur Vysya Bank Apps,0.11,40.62
2025-09-01,Tamilnad Mercantile Bank Apps,0.1,36.17
2025-09-01,Ultracash,0.09,6.96
2025-09-01,City Union Bank Apps,0.08,31.81
2025-09-01,Unity Small Finance Bank Apps,0.07,21.92
2025-09-01,Niyo Global,0.05,13.16
2025-09-01,KreditBee,0.05,2.18
2025-09-01,Payworld,0.05,4.05
2025-09-01,Utkarsh Small Finance Bank Apps,0.03,5.49
2025-09-01,Freo,0.03,1.96
2025-09-01,Punjab Sind Bank Apps,0.02,7.21
2025-09-01,Equitas Small Finance Bank Apps,0.02,7.23
2025-10-01,PhonePe,9410.55,1306265.2
2025-10-01,Google Pay,7164.43,954048.01
2025-10-01,Paytm,1498.54,166629.1
2025-10-01,Navi,573.79,30599.37
2025-10-01,super.money,264.77,10962.09
2025-10-01,CRED,157.99,62438.03
2025-10-01,FamApp by Trio,146.03,1900.99
2025-10-01,BHIM,124.25,19376.26
2025-10-01,Axis Bank Apps,113.58,15761.25
2025-10-01,Amazon Pay,91.65,10710.43
2025-10-01,Kotak Mahindra Bank Apps,85.14,10842.97
2025-10-01,WhatsApp,84.35,6512.78
2025-10-01,HDFC Bank Apps,80.37,18623.69
2025-10-01,ICICI Bank Apps,73.2,18114.84
2025-10-01,Yes Bank Apps,54.81,7495.68
2025-10-01,Mobikwik,52.39,6500.58
2025-10-01,POP UPI,38.92,1700.27
2025-10-01,Slice Small Finance Bank Apps,25.1,3155.16
2025-10-01,India Post Payments Bank Apps,17.97,1879.52
2025-10-01,Airtel Payments Bank Apps,17.43,1340.02
2025-10-01,Groww,15.87,12555.52
2025-10-01,IDFC Bank Apps,13.74,3041.73
2025-10-01,State Bank of India Apps,12.9,4041.65
2025-10-01,Bajaj Finserv,12.82,2599.28
2025-10-01,Samsung Pay,10.47,758.79
2025-10-01,Federal Bank Apps,6.99,1626.56
2025-10-01,RBL Bank Apps,6.92,1983.26
2025-10-01,Jupiter Money,6.06,991.43
2025-10-01,Jio Payments Bank Apps,5.68,417.41
2025-10-01,Deutsche Bank Apps,5.21,1035.32
2025-10-01,Canara Bank Apps,4.37,1133.76
2025-10-01,Punjab National Bank Apps,4.15,1110.15
2025-10-01,NSDL Payments Bank Apps,3.47,368.39
2025-10-01,Flipkart UPI,3.31,208.86
2025-10-01,Ind Money,2.98,1121.61
2025-10-01,Kiwi,2.92,403.52
2025-10-01,Bank of Baroda Apps,2.77,723.28
2025-10-01,Fi Money,2.7,405.88
2025-10-01,Jammu and Kashmir Bank Apps,2.66,419.17
2025-10-01,Suryoday Bank Apps,2.3,14.34
2025-10-01,Timepay,1.94,38.42
2025-10-01,Omni Card,1.92,128.78
2025-10-01,Bharat Pe,1.77,137.63
2025-10-01,IndusInd Bank Apps,1.58,224.25
2025-10-01,HSBC Bank Apps,1.5,170.25
2025-10-01,Indian Bank Apps,1.49,448.46
2025-10-01,Shri Ram One,1.43,121.39
2025-10-01,Money View,1.38,105.13
2025-10-01,Digikhata,1.14,409.7
2025-10-01,ESAF Small Finance Bank Apps,0.97,98.21
2025-10-01,Fino Payments Bank Apps,0.91,82.72
2025-10-01,South Indian Bank Apps,0.87,259.65
2025-10-01,One Card,0.73,904.13
2025-10-01,Union Bank Apps,0.73,225.05
2025-10-01,AU Small Finance Bank Apps,0.71,246.67
2025-10-01,Kredit Pe,0.63,56.41
2025-10-01,DBS Digibank Apps,0.61,217.83
2025-10-01,UCO Bank Apps,0.59,161.03
2025-10-01,Tata Pay,0.5,167.09
2025-10-01,KreditBee,0.5,13.9
2025-10-01,Salary Se,0.48,24.33
2025-10-01,Jar,0.46,10.67
2025-10-01,Aditya Birla Capital Digital,0.42,21.45
2025-10-01,Central Bank of India Apps,0.4,115.39
2025-10-01,Bank of India Apps,0.33,107.21
2025-10-01,Spice Money,0.33,31.47
2025-10-01,Standard Chartered Bank Apps,0.29,120.33
2025-10-01,Rapipay,0.26,27.54
2025-10-01,Karnataka Bank Apps,0.26,62.55
2025-10-01,Dhani,0.24,10.84
2025-10-01,Indian Overseas Bank Apps,0.21,59.47
2025-10-01,IDBI Bank Apps,0.17,75.41
2025-10-01,True Balance,0.15,5.04
2025-10-01,Obopay,0.14,21.43
2025-10-01,Karur Vysya Bank Apps,0.12,44.87
2025-10-01,TwidPay,0.1,10.9
2025-10-01,Tamilnad Mercantile Bank Apps,0.1,35.99
2025-10-01,Ultracash,0.09,6.99
2025-10-01,Unity Small Finance Bank Apps,0.08,25.74
2025-10-01,City Union Bank Apps,0.08,32.76
2025-10-01,Payworld,0.07,5.97
2025-10-01,Punjab Sind Bank Apps,0.04,14.19
2025-10-01,Freo,0.03,2.1
2025-10-01,Bank of Maharashtra Apps,0.03,9.46
2025-10-01,Equitas Small Finance Bank Apps,0.02,7.76
2025-10-01,Utkarsh Small Finance Bank Apps,0.02,5.64
2025-11-01,PhonePe,9322.29,1274723.47
2025-11-01,Google Pay,7020.94,905445.37
2025-11-01,Paytm,1518.95,163210.19
2025-11-01,Navi,606.61,32180.8
2025-11-01,super.money,265.07,10569.55
2025-11-01,CRED,153.54,59261.16
2025-11-01,FamApp by Trio,149.79,1867.72
2025-11-01,BHIM,139.11,18280.83
2025-11-01,Axis Bank Apps,133.63,15515.97
2025-11-01,WhatsApp,87.06,7168.01
2025-11-01,Amazon Pay,86.58,9909.89
2025-11-01,Kotak Mahindra Bank Apps,86.37,10393.45
2025-11-01,HDFC Bank Apps,73.57,16795.79
2025-11-01,ICICI Bank Apps,65.74,17156.92
2025-11-01,Mobikwik,56.52,6916.48
2025-11-01,Yes Bank Apps,47.37,6384.17
2025-11-01,Slice Small Finance Bank Apps,29.32,3172.92
2025-11-01,India Post Payments Bank Apps,19.17,1912.89
2025-11-01,Airtel Payments Bank Apps,15.73,1263.86
2025-11-01,IDFC Bank Apps,15.38,2955.39
2025-11-01,POP UPI,14.58,834.96
2025-11-01,Groww,14.28,9763.15
2025-11-01,State Bank of India Apps,13.17,3838.92
2025-11-01,Bajaj Finserv,12.87,2750.64
2025-11-01,Samsung Pay,11.21,716.66
2025-11-01,RBL Bank Apps,6.9,2228.5
2025-11-01,Federal Bank Apps,6.38,1581.57
2025-11-01,Jupiter Money,6.04,935.1
2025-11-01,Jio Payments Bank Apps,5.92,418.34
2025-11-01,Deutsche Bank Apps,4.39,760.75
2025-11-01,Canara Bank Apps,4.35,1074.18
2025-11-01,Punjab National Bank Apps,4.03,1040.95
2025-11-01,NSDL Payments Bank Apps,3.48,319.56
2025-11-01,Kiwi,3.08,404.62
2025-11-01,Ind Money,3.02,994.89
2025-11-01,Bank of Baroda Apps,2.74,653.52
2025-11-01,Flipkart UPI,2.66,146.29
2025-11-01,Fi Money,2.58,375.77
2025-11-01,Jammu and Kashmir Bank Apps,2.42,378.25
2025-11-01,Bharat Pe,2.28,177.52
2025-11-01,Timepay,2.0,39.98
2025-11-01,Omni Card,1.9,129.21
2025-11-01,Suryoday Bank Apps,1.89,3.55
2025-11-01,Indian Bank Apps,1.52,422.65
2025-11-01,Money View,1.41,98.11
2025-11-01,IndusInd Bank Apps,1.39,212.28
2025-11-01,Shri Ram One,1.39,108.4
2025-11-01,HSBC Bank Apps,1.26,158.12
2025-11-01,ESAF Small Finance Bank Apps,1.19,127.39
2025-11-01,Digikhata,1.16,412.73
2025-11-01,Aditya Birla Capital Digital,1.11,24.14
2025-11-01,KreditBee,1.06,37.32
2025-11-01,Fino Payments Bank Apps,0.96,83.45
2025-11-01,Union Bank Apps,0.88,250.09
2025-11-01,South Indian Bank Apps,0.84,243.72
2025-11-01,AU Small Finance Bank Apps,0.73,241.68
2025-11-01,One Card,0.63,793.04
2025-11-01,Kredit Pe,0.6,53.81
2025-11-01,DBS Digibank Apps,0.58,203.03
2025-11-01,UCO Bank Apps,0.58,154.26
2025-11-01,Salary Se,0.48,23.87
2025-11-01,Central Bank of India Apps,0.42,126.34
2025-11-01,Tata Pay,0.42,148.43
2025-11-01,Standard Chartered Bank Apps,0.36,116.53
2025-11-01,Bank of India Apps,0.34,108.52
2025-11-01,Jar,0.33,8.42
2025-11-01,Spice Money,0.32,30.58
2025-11-01,Rapipay,0.3,29.39
2025-11-01,Karnataka Bank Apps,0.27,63.02
2025-11-01,Dhani,0.21,9.42
2025-11-01,Indian Overseas Bank Apps,0.2,53.88
2025-11-01,True Balance,0.18,6.09
2025-11-01,Oxymoney,0.16,10.58
2025-11-01,IDBI Bank Apps,0.16,71.99
2025-11-01,Obopay,0.15,23.14
2025-11-01,Karur Vysya Bank Apps,0.12,43.7
2025-11-01,TwidPay,0.11,12.18
2025-11-01,Tamilnad Mercantile Bank Apps,0.1,34.64
2025-11-01,Payworld,0.08,7.81
2025-11-01,Ultracash,0.08,6.31
2025-11-01,Unity Small Finance Bank Apps,0.08,24.79
2025-11-01,City Union Bank Apps,0.07,29.85
2025-11-01,Bank of Maharashtra Apps,0.04,10.94
2025-11-01,Curie Money,0.04,3.25
2025-11-01,Punjab Sind Bank Apps,0.03,11.81
2025-11-01,Equitas Small Finance Bank Apps,0.03,10.2
2025-11-01,Freo,0.03,1.84
2025-11-01,Cheq,0.02,2.44
2025-11-01,LXME,0.02,1.65
2025-12-01,PhonePe,9799.14,1360501.94
2025-12-01,Google Pay,7311.67,956693.92
2025-12-01,Paytm,1624.45,175716.1
2025-12-01,Navi,671.89,35715.89
2025-12-01,super.money,286.86,11745.61
2025-12-01,FamApp by Trio,159.05,2007.01
2025-12-01,CRED,157.25,59073.03
2025-12-01,BHIM,155.75,20246.97
2025-12-01,Axis Bank Apps,144.75,13612.02
2025-12-01,WhatsApp,100.45,7399.16
2025-12-01,Kotak Mahindra Bank Apps,94.55,11500.65
2025-12-01,Amazon Pay,86.48,10133.85
2025-12-01,HDFC Bank Apps,75.34,17540.37
2025-12-01,ICICI Bank Apps,72.52,18742.95
2025-12-01,Mobikwik,63.4,7451.94
2025-12-01,Yes Bank Apps,49.47,6917.69
2025-12-01,Slice Small Finance Bank Apps,34.45,3749.59
2025-12-01,India Post Payments Bank Apps,17.91,1893.26
2025-12-01,Airtel Payments Bank Apps,16.05,1332.95
2025-12-01,Groww,15.87,11688.01
2025-12-01,State Bank of India Apps,14.63,4313.86
2025-12-01,IDFC Bank Apps,14.49,3173.31
2025-12-01,Bajaj Finserv,13.35,2822.57
2025-12-01,Samsung Pay,11.36,745.25
2025-12-01,POP UPI,9.38,705.72
2025-12-01,RBL Bank Apps,8.56,4327.98
2025-12-01,Federal Bank Apps,7.33,1853.24
2025-12-01,Jio Payments Bank Apps,6.39,440.97
2025-12-01,Jupiter Money,6.09,966.07
2025-12-01,Deutsche Bank Apps,5.36,827.1
2025-12-01,Canara Bank Apps,4.53,1142.72
2025-12-01,NSDL Payments Bank Apps,3.77,316.05
2025-12-01,Ind Money,3.33,1054.69
2025-12-01,Kiwi,3.1,439.43
2025-12-01,Punjab National Bank Apps,2.96,748.71
2025-12-01,Flipkart UPI,2.8,152.97
2025-12-01,Fi Money,2.59,381.14
2025-12-01,Jammu and Kashmir Bank Apps,2.5,390.02
2025-12-01,Suryoday Bank Apps,2.5,5.76
2025-12-01,Bharat Pe,2.46,206.84
2025-12-01,Bank of Baroda Apps,2.25,566.75
2025-12-01,Omni Card,1.95,134.81
2025-12-01,Timepay,1.81,37.13
2025-12-01,Money View,1.79,103.65
2025-12-01,IndusInd Bank Apps,1.7,266.09
2025-12-01,Indian Bank Apps,1.59,474.12
2025-12-01,KreditBee,1.57,77.28
2025-12-01,Aditya Birla Capital Digital,1.46,26.21
2025-12-01,Shri Ram One,1.43,111.67
2025-12-01,ESAF Small Finance Bank Apps,1.28,133.33
2025-12-01,HSBC Bank Apps,1.26,156.91
2025-12-01,Digikhata,1.25,421.6
2025-12-01,Oxymoney,1.01,16.97
2025-12-01,Fino Payments Bank Apps,1.0,87.85
2025-12-01,Union Bank Apps,0.94,273.39
2025-12-01,South Indian Bank Apps,0.93,273.46
2025-12-01,AU Small Finance Bank Apps,0.81,264.18
2025-12-01,DBS Digibank Apps,0.63,224.56
2025-12-01,One Card,0.62,784.25
2025-12-01,Kredit Pe,0.61,54.13
2025-12-01,UCO Bank Apps,0.6,164.56
2025-12-01,Freo,0.59,56.56
2025-12-01,Central Bank of India Apps,0.46,150.27
2025-12-01,Salary Se,0.42,25.24
2025-12-01,Standard Chartered Bank Apps,0.41,122.83
2025-12-01,Rapipay,0.4,33.66
2025-12-01,Bank of India Apps,0.38,120.71
2025-12-01,Tata Pay,0.37,126.35
2025-12-01,Spice Money,0.36,32.52
2025-12-01,Karnataka Bank Apps,0.29,68.64
2025-12-01,Jar,0.25,6.05
2025-12-01,True Balance,0.21,7.24
2025-12-01,Dhani,0.21,9.1
2025-12-01,Indian Overseas Bank Apps,0.19,52.64
2025-12-01,IDBI Bank Apps,0.17,84.4
2025-12-01,Obopay,0.17,26.26
2025-12-01,Karur Vysya Bank Apps,0.13,45.88
2025-12-01,TwidPay,0.13,15.83
2025-12-01,Tamilnad Mercantile Bank Apps,0.11,39.25
2025-12-01,Payworld,0.1,10.22
2025-12-01,Unity Small Finance Bank Apps,0.08,26.45
2025-12-01,City Union Bank Apps,0.07,29.47
2025-12-01,Saathi by PayNearBy,0.06,6.09
2025-12-01,Bank of Maharashtra Apps,0.06,17.64
2025-12-01,Ultracash,0.05,3.7
2025-12-01,Curie Money,0.05,2.71
2025-12-01,Equitas Small Finance Bank Apps,0.05,14.17
2025-12-01,Cheq,0.04,3.88
2025-12-01,Fave,0.03,7.04
2025-12-01,LXME,0.03,2.43
2025-12-01,Punjab Sind Bank Apps,0.03,12.97
2026-01-01,PhonePe,9913.63,1377458.79
2026-01-01,Google Pay,7229.11,956985.04
2026-01-01,Paytm,1659.49,181973.34
2026-01-01,Navi,709.26,37955.69
2026-01-01,super.money,298.41,12546.39
2026-01-01,BHIM,172.07,22025.89
2026-01-01,FamApp by Trio,161.18,2038.12
2026-01-01,CRED,156.86,58840.62
2026-01-01,Axis Bank Apps,152.6,13206.89
2026-01-01,WhatsApp,112.65,8358.21
2026-01-01,Kotak Mahindra Bank Apps,101.35,12304.69
2026-01-01,Amazon Pay,83.99,10257.83
2026-01-01,HDFC Bank Apps,77.29,16665.03
2026-01-01,ICICI Bank Apps,67.97,19319.18
2026-01-01,Mobikwik,64.72,7631.14
2026-01-01,Yes Bank Apps,52.98,7850.57
2026-01-01,Slice Small Finance Bank Apps,39.57,4057.84
2026-01-01,Groww,18.82,16201.06
2026-01-01,India Post Payments Bank Apps,18.75,1999.28
2026-01-01,IDFC Bank Apps,17.75,3315.6
2026-01-01,Airtel Payments Bank Apps,17.15,1376.98
2026-01-01,State Bank of India Apps,15.6,4579.21
2026-01-01,Bajaj Finserv,13.38,2757.27
2026-01-01,Samsung Pay,11.21,752.03
2026-01-01,POP UPI,8.5,686.09
2026-01-01,RBL Bank Apps,8.29,4365.61
2026-01-01,Federal Bank Apps,7.52,2016.33
2026-01-01,Jio Payments Bank Apps,6.57,456.14
2026-01-01,Jupiter Money,5.93,982.03
2026-01-01,Deutsche Bank Apps,5.29,853.4
2026-01-01,Canara Bank Apps,4.14,1110.65
2026-01-01,Ind Money,4.01,1336.23
2026-01-01,Flipkart UPI,3.09,163.55
2026-01-01,Kiwi,3.04,474.14
2026-01-01,Suryoday Bank Apps,3.0,6.05
2026-01-01,NSDL Payments Bank Apps,2.94,383.15
2026-01-01,Money View,2.61,143.19
2026-01-01,Fi Money,2.5,373.44
2026-01-01,Bharat Pe,2.48,218.56
2026-01-01,Jammu and Kashmir Bank Apps,2.46,371.79
2026-01-01,KreditBee,2.21,120.02
2026-01-01,Shri Ram One,1.98,148.12
2026-01-01,Omni Card,1.94,121.46
2026-01-01,Punjab National Bank Apps,1.85,479.04
2026-01-01,Aditya Birla Capital Digital,1.58,26.15
2026-01-01,Bank of Baroda Apps,1.57,438.51
2026-01-01,Timepay,1.51,27.49
2026-01-01,Indian Bank Apps,1.49,449.01
2026-01-01,IndusInd Bank Apps,1.37,233.81
2026-01-01,Digikhata,1.35,465.91
2026-01-01,HSBC Bank Apps,1.26,154.21
2026-01-01,Union Bank Apps,0.99,286.52
2026-01-01,South Indian Bank Apps,0.92,289.61
2026-01-01,ESAF Small Finance Bank Apps,0.9,102.33
2026-01-01,AU Small Finance Bank Apps,0.86,282.32
2026-01-01,Kredit Pe,0.66,60.31
2026-01-01,UCO Bank Apps,0.61,170.83
2026-01-01,One Card,0.61,734.23
2026-01-01,DBS Digibank Apps,0.6,232.75
2026-01-01,Jar,0.53,15.68
2026-01-01,Rapipay,0.5,40.91
2026-01-01,Central Bank of India Apps,0.48,165.59
2026-01-01,Fino Payments Bank Apps,0.46,46.59
2026-01-01,Standard Chartered Bank Apps,0.46,124.07
2026-01-01,Salary Se,0.46,33.35
2026-01-01,Freo,0.4,38.48
2026-01-01,Spice Money,0.39,35.36
2026-01-01,Oxymoney,0.37,1.71
2026-01-01,Tata Pay,0.35,127.17
2026-01-01,Bank of India Apps,0.34,110.33
2026-01-01,Karnataka Bank Apps,0.29,69.24
2026-01-01,Dhani,0.21,9.1
2026-01-01,True Balance,0.21,7.27
2026-01-01,IDBI Bank Apps,0.2,97.89
2026-01-01,Obopay,0.18,28.32
2026-01-01,Indian Overseas Bank Apps,0.18,51.36
2026-01-01,Saathi by PayNearBy,0.17,19.74
2026-01-01,Karur Vysya Bank Apps,0.14,49.25
2026-01-01,Payworld,0.11,10.57
2026-01-01,Tamilnad Mercantile Bank Apps,0.11,41.01
2026-01-01,TwidPay,0.1,12.15
2026-01-01,Bank of Maharashtra Apps,0.07,25.7
2026-01-01,Cheq,0.07,6.43
2026-01-01,City Union Bank Apps,0.07,28.62
2026-01-01,Equitas Small Finance Bank Apps,0.06,14.87
2026-01-01,Curie Money,0.05,3.14
2026-01-01,Unity Small Finance Bank Apps,0.05,15.24
2026-01-01,Ultracash,0.05,3.61
2026-01-01,LXME,0.04,3.33
2026-01-01,Fave,0.04,7.47
2026-01-01,Punjab Sind Bank Apps,0.03,15.58
2026-02-01,PhonePe,9284.22,1310392.95
2026-02-01,Google Pay,6767.14,903051.6
2026-02-01,Paytm,1595.09,174128.86
2026-02-01,Navi,650.28,36563.0
2026-02-01,super.money,289.32,12314.08
2026-02-01,BHIM,175.93,21263.92
2026-02-01,FamApp by Trio,149.06,1898.62
2026-02-01,CRED,145.98,54045.92
2026-02-01,Axis Bank Apps,132.11,12157.93
2026-02-01,WhatsApp,112.89,8557.08
2026-02-01,Kotak Mahindra Bank Apps,102.0,12295.9
2026-02-01,Amazon Pay,75.81,9288.21
2026-02-01,HDFC Bank Apps,66.94,15248.82
2026-02-01,Mobikwik,65.81,7509.87
2026-02-01,Slice Small Finance Bank Apps,42.57,4205.18
2026-02-01,Yes Bank Apps,42.07,6194.7
2026-02-01,ICICI Bank Apps,39.95,18213.67
2026-02-01,IDFC Bank Apps,37.41,3228.56
2026-02-01,India Post Payments Bank Apps,16.52,1788.5
2026-02-01,Airtel Payments Bank Apps,16.33,1323.37
2026-02-01,Groww,16.3,12154.86
2026-02-01,State Bank of India Apps,15.7,4698.51
2026-02-01,Bajaj Finserv,13.01,2805.76
2026-02-01,Samsung Pay,10.29,679.66
2026-02-01,RBL Bank Apps,10.03,4216.83
2026-02-01,POP UPI,8.48,662.57
2026-02-01,Federal Bank Apps,6.7,2002.22
2026-02-01,Jio Payments Bank Apps,6.64,449.17
2026-02-01,Jupiter Money,5.35,897.61
2026-02-01,Deutsche Bank Apps,4.85,791.38
2026-02-01,Ind Money,3.7,1096.38
2026-02-01,Canara Bank Apps,3.61,972.59
2026-02-01,Money View,2.83,157.81
2026-02-01,Bharat Pe,2.72,224.48
2026-02-01,Kiwi,2.65,434.15
2026-02-01,Jammu and Kashmir Bank Apps,2.65,394.59
2026-02-01,KreditBee,2.44,142.33
2026-02-01,Flipkart UPI,2.39,115.59
2026-02-01,Suryoday Bank Apps,2.37,13.3
2026-02-01,Punjab National Bank Apps,1.96,536.12
2026-02-01,Fi Money,1.92,299.83
2026-02-01,Aditya Birla Capital Digital,1.87,25.79
2026-02-01,Omni Card,1.77,92.21
2026-02-01,Indian Bank Apps,1.45,455.61
2026-02-01,Bank of Baroda Apps,1.44,425.74
2026-02-01,Digikhata,1.31,472.46
2026-02-01,HSBC Bank Apps,1.25,148.32
2026-02-01,Timepay,1.23,21.55
2026-02-01,IndusInd Bank Apps,1.17,197.23
2026-02-01,NSDL Payments Bank Apps,0.96,277.82
2026-02-01,AU Small Finance Bank Apps,0.85,277.08
2026-02-01,Union Bank Apps,0.84,241.03
2026-02-01,South Indian Bank Apps,0.84,266.22
2026-02-01,Freo,0.77,72.69
2026-02-01,Shri Ram One,0.71,82.45
2026-02-01,Kredit Pe,0.67,58.61
2026-02-01,Jar,0.63,19.07
2026-02-01,UCO Bank Apps,0.57,161.22
2026-02-01,One Card,0.57,684.4
2026-02-01,DBS Digibank Apps,0.55,205.24
2026-02-01,Fino Payments Bank Apps,0.52,51.55
2026-02-01,Salary Se,0.48,38.44
2026-02-01,Central Bank of India Apps,0.47,165.55
2026-02-01,Rapipay,0.47,33.53
2026-02-01,Standard Chartered Bank Apps,0.46,109.71
2026-02-01,Spice Money,0.39,35.08
2026-02-01,ESAF Small Finance Bank Apps,0.35,38.36
2026-02-01,Tata Pay,0.29,101.76
2026-02-01,Bank of India Apps,0.26,89.73
2026-02-01,Karnataka Bank Apps,0.26,63.38
2026-02-01,IDBI Bank Apps,0.19,94.62
2026-02-01,Obopay,0.19,30.31
2026-02-01,Saathi by PayNearBy,0.19,23.54
2026-02-01,True Balance,0.19,6.55
2026-02-01,Dhani,0.19,8.16
2026-02-01,TwidPay,0.14,14.73
2026-02-01,Karur Vysya Bank Apps,0.13,46.09
2026-02-01,Indian Overseas Bank Apps,0.12,37.83
2026-02-01,Payworld,0.12,10.68
2026-02-01,Tamilnad Mercantile Bank Apps,0.1,39.0
2026-02-01,City Union Bank Apps,0.08,28.59
2026-02-01,Cheq,0.08,7.5
2026-02-01,Bank of Maharashtra Apps,0.06,22.32
2026-02-01,Equitas Small Finance Bank Apps,0.06,16.45
2026-02-01,LXME,0.05,3.78
2026-02-01,Curie Money,0.05,2.96
2026-02-01,Ultracash,0.05,3.72
2026-02-01,Unity Small Finance Bank Apps,0.05,11.21
2026-02-01,Fave,0.04,8.37
2026-02-01,ZET,0.03,2.01
2026-02-01,Punjab Sind Bank Apps,0.03,12.71
2026-03-01,PhonePe,10503.81,1448286.63
2026-03-01,Google Pay,7535.71,999480.47
2026-03-01,Paytm,1770.0,192610.34
2026-03-01,Navi,790.34,43044.76
2026-03-01,super.money,341.24,14788.83
2026-03-01,BHIM,202.44,24718.8
2026-03-01,FamApp by Trio,168.6,2250.14
2026-03-01,CRED,163.2,62029.55
2026-03-01,Axis Bank Apps,135.4,13180.82
2026-03-01,WhatsApp,130.74,9917.41
2026-03-01,Kotak Mahindra Bank Apps,114.66,13890.06
2026-03-01,Amazon Pay,87.58,10534.95
2026-03-01,Mobikwik,78.74,9239.68
2026-03-01,HDFC Bank Apps,76.89,16702.59
2026-03-01,Slice Small Finance Bank Apps,50.24,4795.55
2026-03-01,ICICI Bank Apps,46.71,21360.03
2026-03-01,IDFC Bank Apps,45.7,3628.73
2026-03-01,Yes Bank Apps,43.29,7539.4
2026-03-01,India Post Payments Bank Apps,19.51,2107.07
2026-03-01,Airtel Payments Bank Apps,18.79,1618.22
2026-03-01,State Bank of India Apps,18.16,5471.02
2026-03-01,Groww,16.4,12851.64
2026-03-01,Bajaj Finserv,13.67,2879.05
2026-03-01,RBL Bank Apps,11.39,4560.53
2026-03-01,Samsung Pay,11.0,743.38
2026-03-01,Jio Payments Bank Apps,7.77,509.61
2026-03-01,Federal Bank Apps,7.43,2175.75
2026-03-01,POP UPI,7.38,571.1
2026-03-01,Jupiter Money,5.7,944.9
2026-03-01,Deutsche Bank Apps,5.08,875.42
2026-03-01,Ind Money,4.02,1328.44
2026-03-01,Money View,3.82,244.73
2026-03-01,KreditBee,3.68,179.15
2026-03-01,Canara Bank Apps,3.65,1041.64
2026-03-01,Jammu and Kashmir Bank Apps,3.08,489.39
2026-03-01,Kiwi,2.79,500.02
2026-03-01,Suryoday Bank Apps,2.78,13.52
2026-03-01,Flipkart UPI,2.69,124.89
2026-03-01,Bharat Pe,2.62,247.83
2026-03-01,Omni Card,1.94,101.77
2026-03-01,Fi Money,1.92,330.74
2026-03-01,Indian Bank Apps,1.69,511.01
2026-03-01,Aditya Birla Capital Digital,1.66,28.46
2026-03-01,Bank of Baroda Apps,1.65,510.66
2026-03-01,Punjab National Bank Apps,1.61,442.44
2026-03-01,HSBC Bank Apps,1.55,186.24
2026-03-01,Digikhata,1.49,539.13
2026-03-01,Timepay,1.34,25.98
2026-03-01,IndusInd Bank Apps,1.21,208.26
2026-03-01,Freo,1.21,113.58
2026-03-01,Union Bank Apps,1.0,302.43
2026-03-01,AU Small Finance Bank Apps,0.97,316.74
2026-03-01,South Indian Bank Apps,0.91,303.5
2026-03-01,Jar,0.82,24.98
2026-03-01,Kredit Pe,0.76,65.4
2026-03-01,Fino Payments Bank Apps,0.71,65.29
2026-03-01,UCO Bank Apps,0.63,179.36
2026-03-01,One Card,0.61,764.55
2026-03-01,Salary Se,0.6,53.47
2026-03-01,DBS Digibank Apps,0.58,220.76
2026-03-01,Shri Ram One,0.55,73.76
2026-03-01,Rapipay,0.54,33.28
2026-03-01,Standard Chartered Bank Apps,0.51,141.43
2026-03-01,Central Bank of India Apps,0.5,186.01
2026-03-01,Spice Money,0.45,39.06
2026-03-01,Saathi by PayNearBy,0.33,38.42
2026-03-01,Bank of India Apps,0.33,118.47
2026-03-01,Tata Pay,0.31,90.6
2026-03-01,NSDL Payments Bank Apps,0.27,210.13
2026-03-01,IDBI Bank Apps,0.23,114.74
2026-03-01,Karnataka Bank Apps,0.22,60.16
2026-03-01,Obopay,0.22,35.03
2026-03-01,Dhani,0.19,8.95
2026-03-01,True Balance,0.18,6.33
2026-03-01,Karur Vysya Bank Apps,0.14,51.74
2026-03-01,TwidPay,0.14,14.32
2026-03-01,Payworld,0.11,10.23
2026-03-01,Tamilnad Mercantile Bank Apps,0.11,45.11
2026-03-01,City Union Bank Apps,0.11,33.64
2026-03-01,ESAF Small Finance Bank Apps,0.1,11.52
2026-03-01,Indian Overseas Bank Apps,0.1,33.63
2026-03-01,Cheq,0.08,7.18
2026-03-01,Bank of Maharashtra Apps,0.08,30.38
2026-03-01,Equitas Small Finance Bank Apps,0.07,19.58
2026-03-01,Curie Money,0.06,3.89
2026-03-01,Fave,0.06,10.78
2026-03-01,Unity Small Finance Bank Apps,0.06,15.04
2026-03-01,Ultracash,0.05,3.97
2026-03-01,LXME,0.05,4.01
2026-03-01,ZET,0.03,2.53
2026-03-01,Punjab Sind Bank Apps,0.03,13.83
2026-04-01,PhonePe,10330.3,1431722.56
2026-04-01,Google Pay,7359.44,972068.42
2026-04-01,Paytm,1778.06,194317.77
2026-04-01,Navi,801.87,42683.85
2026-04-01,super.money,369.41,16365.13
2026-04-01,BHIM,210.17,25198.44
2026-04-01,FamApp by Trio,182.87,2503.31
2026-04-01,CRED,157.51,56569.08
2026-04-01,WhatsApp,138.69,10498.22
2026-04-01,Axis Bank Apps,125.81,10253.66
2026-04-01,Kotak Mahindra Bank Apps,116.19,13895.16
2026-04-01,Amazon Pay,83.77,10067.74
2026-04-01,Mobikwik,80.16,9186.34
2026-04-01,HDFC Bank Apps,66.83,16551.15
2026-04-01,ICICI Bank Apps,61.96,21366.17
2026-04-01,Slice Small Finance Bank Apps,55.68,5155.98
2026-04-01,Yes Bank Apps,46.52,7103.2
2026-04-01,IDFC Bank Apps,26.86,3614.87
2026-04-01,Airtel Payments Bank Apps,19.71,2144.91
2026-04-01,State Bank of India Apps,19.07,5658.77
2026-04-01,India Post Payments Bank Apps,17.19,1968.16
2026-04-01,Groww,14.66,12631.62
2026-04-01,Bajaj Finserv,14.39,3027.38
2026-04-01,Unity Small Finance Bank Apps,12.68,1595.48
2026-04-01,Samsung Pay,10.82,719.62
2026-04-01,Federal Bank Apps,7.83,2957.86
2026-04-01,Jio Payments Bank Apps,7.32,471.07
2026-04-01,KreditBee,7.0,159.17
2026-04-01,RBL Bank Apps,6.91,3763.82
2026-04-01,POP UPI,6.89,579.41
2026-04-01,Jupiter Money,5.54,914.66
2026-04-01,Deutsche Bank Apps,4.78,906.02
2026-04-01,Ind Money,3.88,1238.39
2026-04-01,Jammu and Kashmir Bank Apps,3.64,514.72
2026-04-01,Money View,3.5,239.4
2026-04-01,Canara Bank Apps,3.34,1014.38
2026-04-01,Flipkart UPI,2.91,127.7
2026-04-01,Suryoday Bank Apps,2.69,15.55
2026-04-01,Kiwi,2.41,461.49
2026-04-01,Bharat Pe,2.3,236.53
2026-04-01,Omni Card,1.94,103.45
2026-04-01,Indian Bank Apps,1.69,508.22
2026-04-01,Punjab National Bank Apps,1.66,469.09
2026-04-01,Bank of Baroda Apps,1.62,493.97
2026-04-01,HSBC Bank Apps,1.58,179.83
2026-04-01,Digikhata,1.53,556.24
2026-04-01,IndusInd Bank Apps,1.43,235.26
2026-04-01,Freo,1.37,147.19
2026-04-01,Jar,1.04,27.14
2026-04-01,Union Bank Apps,1.03,320.2
2026-04-01,AU Small Finance Bank Apps,0.99,314.38
2026-04-01,Aditya Birla Capital Digital,0.97,20.83
2026-04-01,Standard Chartered Bank Apps,0.94,167.85
2026-04-01,South Indian Bank Apps,0.89,289.27
2026-04-01,Kredit Pe,0.85,66.29
2026-04-01,Timepay,0.82,17.94
2026-04-01,Salary Se,0.79,59.77
2026-04-01,Fino Payments Bank Apps,0.62,59.81
2026-04-01,UCO Bank Apps,0.61,174.27
2026-04-01,DBS Digibank Apps,0.55,202.63
2026-04-01,Rapipay,0.55,32.36
2026-04-01,Central Bank of India Apps,0.53,188.97
2026-04-01,Shri Ram One,0.53,60.6
2026-04-01,One Card,0.53,633.09
2026-04-01,Fi Money,0.49,98.1
2026-04-01,Spice Money,0.43,37.82
2026-04-01,Saathi by PayNearBy,0.38,46.1
2026-04-01,Tata Pay,0.32,91.04
2026-04-01,Bank of India Apps,0.31,113.82
2026-04-01,NSDL Payments Bank Apps,0.28,182.7
2026-04-01,Obopay,0.24,39.68
2026-04-01,IDBI Bank Apps,0.24,120.32
2026-04-01,Karnataka Bank Apps,0.24,62.75
2026-04-01,City Union Bank Apps,0.18,32.81
2026-04-01,Dhani,0.16,8.09
2026-04-01,True Balance,0.16,5.61
2026-04-01,Karur Vysya Bank Apps,0.13,44.7
2026-04-01,Tamilnad Mercantile Bank Apps,0.1,42.71
2026-04-01,Indian Overseas Bank Apps,0.09,32.03
2026-04-01,Payworld,0.09,7.77
2026-04-01,Bank of Maharashtra Apps,0.08,32.15
2026-04-01,LXME,0.07,4.92
2026-04-01,Fave,0.07,12.46
2026-04-01,Curie Money,0.07,4.44
2026-04-01,Equitas Small Finance Bank Apps,0.06,17.97
2026-04-01,Scapia,0.05,24.74
2026-04-01,Cheq,0.05,4.4
2026-04-01,Ultracash,0.05,4.03
2026-04-01,ZET,0.03,2.61
2026-04-01,Punjab Sind Bank Apps,0.03,14.45
2026-05-01,PhonePe,10734.58,1467168.63
2026-05-01,Google Pay,7598.37,1002878.34
2026-05-01,Paytm,1836.02,199103.37
2026-05-01,Navi,824.11,43601.66
2026-05-01,super.money,418.84,19422.73
2026-05-01,BHIM,227.49,26013.59
2026-05-01,FamApp by Trio,197.32,2738.59
2026-05-01,CRED,157.19,61002.44
2026-05-01,WhatsApp,150.43,11425.02
2026-05-01,Axis Bank Apps,134.2,13185.15
2026-05-01,Kotak Mahindra Bank Apps,121.8,14336.15
2026-05-01,Amazon Pay,87.34,10634.56
2026-05-01,Mobikwik,81.4,9626.57
2026-05-01,HDFC Bank Apps,66.19,17328.8
2026-05-01,Slice Small Finance Bank Apps,61.36,5558.18
2026-05-01,Yes Bank Apps,49.63,7634.86
2026-05-01,ICICI Bank Apps,47.89,21846.0
2026-05-01,IDFC Bank Apps,45.93,3900.77
2026-05-01,State Bank of India Apps,21.72,6042.86
2026-05-01,Unity Small Finance Bank Apps,19.0,2651.6
2026-05-01,Airtel Payments Bank Apps,18.49,1982.99
2026-05-01,India Post Payments Bank Apps,17.77,2010.23
2026-05-01,Bajaj Finserv,14.96,3212.14
2026-05-01,Groww,14.14,10781.4
2026-05-01,Samsung Pay,11.08,750.27
2026-05-01,KreditBee,8.9,178.57
2026-05-01,Federal Bank Apps,8.05,3194.15
2026-05-01,Jio Payments Bank Apps,7.21,464.12
2026-05-01,POP UPI,6.97,668.6
2026-05-01,Jupiter Money,5.52,943.28
2026-05-01,Deutsche Bank Apps,4.71,941.98
2026-05-01,Jammu and Kashmir Bank Apps,4.3,585.98
2026-05-01,Money View,3.97,282.43
2026-05-01,Ind Money,3.94,1300.04
2026-05-01,Canara Bank Apps,3.82,1091.47
2026-05-01,RBL Bank Apps,3.51,3036.9
2026-05-01,Flipkart UPI,3.5,148.13
2026-05-01,Bharat Pe,2.52,266.12
2026-05-01,Kiwi,2.46,511.62
2026-05-01,Suryoday Bank Apps,2.11,15.62
2026-05-01,Omni Card,1.91,103.33
2026-05-01,Punjab National Bank Apps,1.86,522.28
2026-05-01,Bank of Baroda Apps,1.73,501.14
2026-05-01,Indian Bank Apps,1.72,492.0
2026-05-01,Standard Chartered Bank Apps,1.69,258.04
2026-05-01,HSBC Bank Apps,1.63,194.3
2026-05-01,Digikhata,1.58,553.34
2026-05-01,IndusInd Bank Apps,1.17,215.21
2026-05-01,Jar,1.06,31.76
2026-05-01,Timepay,1.02,18.08
2026-05-01,Union Bank Apps,1.0,310.34
2026-05-01,AU Small Finance Bank Apps,0.97,304.17
2026-05-01,South Indian Bank Apps,0.94,299.51
2026-05-01,Aditya Birla Capital Digital,0.91,20.37
2026-05-01,Salary Se,0.84,78.85
2026-05-01,Kredit Pe,0.8,67.71
2026-05-01,Freo,0.74,86.1
2026-05-01,Fino Payments Bank Apps,0.72,66.56
2026-05-01,UCO Bank Apps,0.64,173.06
2026-05-01,Shri Ram One,0.58,67.35
2026-05-01,Rapipay,0.58,33.52
2026-05-01,DBS Digibank Apps,0.57,209.67
2026-05-01,Central Bank of India Apps,0.56,195.17
2026-05-01,One Card,0.55,675.77
2026-05-01,Spice Money,0.46,38.68
2026-05-01,Tata Pay,0.36,106.92
2026-05-01,Saathi by PayNearBy,0.31,40.03
2026-05-01,Bank of India Apps,0.31,111.41
2026-05-01,Obopay,0.29,46.01
2026-05-01,Karnataka Bank Apps,0.26,70.11
2026-05-01,NSDL Payments Bank Apps,0.26,19.3
2026-05-01,IDBI Bank Apps,0.24,117.73
2026-05-01,True Balance,0.21,7.56
2026-05-01,City Union Bank Apps,0.17,63.07
2026-05-01,Scapia,0.16,65.9
2026-05-01,Dhani,0.16,7.93
2026-05-01,Karur Vysya Bank Apps,0.13,43.34
2026-05-01,Tamilnad Mercantile Bank Apps,0.11,44.44
2026-05-01,Bank of Maharashtra Apps,0.1,35.72
2026-05-01,Fave,0.08,15.21
2026-05-01,Indian Overseas Bank Apps,0.08,28.22
2026-05-01,Equitas Small Finance Bank Apps,0.08,20.98
2026-05-01,Payworld,0.07,6.79
2026-05-01,Curie Money,0.06,4.17
2026-05-01,LXME,0.06,5.09
2026-05-01,Ultracash,0.05,4.15
2026-05-01,Cheq,0.04,3.87
2026-05-01,Punjab Sind Bank Apps,0.03,15.3
2026-05-01,ZET,0.03,2.75
2026-05-01,Rediff,0.02,5.32
2026-06-01,PhonePe,10483.73,1419193.39
2026-06-01,Google Pay,7407.71,967055.79
2026-06-01,Paytm,1798.84,192617.38
2026-06-01,Navi,842.51,43948.56
2026-06-01,super.money,430.24,20252.4
2026-06-01,BHIM,223.54,25612.81
2026-06-01,FamApp by Trio,195.31,2666.23
2026-06-01,WhatsApp,150.48,11391.85
2026-06-01,CRED,141.78,55116.79
2026-06-01,Axis Bank Apps,136.16,13120.62
2026-06-01,Kotak Mahindra Bank Apps,122.08,14847.89
2026-06-01,Amazon Pay,84.2,10157.17
2026-06-01,Mobikwik,68.67,8115.02
2026-06-01,HDFC Bank Apps,65.57,17044.38
2026-06-01,Slice Small Finance Bank Apps,64.61,5641.79
2026-06-01,Yes Bank Apps,48.21,7535.72
2026-06-01,ICICI Bank Apps,47.95,21800.48
2026-06-01,IDFC Bank Apps,46.17,3707.09
2026-06-01,State Bank of India Apps,23.15,5977.73
2026-06-01,Unity Small Finance Bank Apps,19.31,2290.93
2026-06-01,India Post Payments Bank Apps,17.54,1929.27
2026-06-01,Airtel Payments Bank Apps,15.84,1527.15
2026-06-01,Bajaj Finserv,15.4,3404.91
2026-06-01,Groww,14.75,11613.02
2026-06-01,KreditBee,11.34,217.15
2026-06-01,Samsung Pay,10.49,721.42
2026-06-01,Federal Bank Apps,8.41,3019.86
2026-06-01,POP UPI,7.56,744.84
2026-06-01,Jio Payments Bank Apps,6.71,423.91
2026-06-01,Money View,5.15,388.96
2026-06-01,Jupiter Money,5.03,839.64
2026-06-01,Deutsche Bank Apps,4.78,880.9
2026-06-01,Jammu and Kashmir Bank Apps,4.2,564.63
2026-06-01,Canara Bank Apps,3.98,1116.08
2026-06-01,Ind Money,3.58,1340.71
2026-06-01,RBL Bank Apps,3.35,2682.12
2026-06-01,Flipkart UPI,3.18,127.17
2026-06-01,Bharat Pe,2.69,288.6
2026-06-01,Kiwi,2.38,477.97
2026-06-01,Suryoday Bank Apps,2.15,20.84
2026-06-01,Standard Chartered Bank Apps,2.02,226.81
2026-06-01,Punjab National Bank Apps,2.02,545.92
2026-06-01,Omni Card,1.76,97.84
2026-06-01,Indian Bank Apps,1.75,501.1
2026-06-01,Bank of Baroda Apps,1.72,493.13
2026-06-01,Digikhata,1.56,542.89
2026-06-01,HSBC Bank Apps,1.52,174.23
2026-06-01,Timepay,1.14,20.21
2026-06-01,IndusInd Bank Apps,1.11,211.59
2026-06-01,Union Bank Apps,0.98,313.93
2026-06-01,AU Small Finance Bank Apps,0.97,308.72
2026-06-01,South Indian Bank Apps,0.93,293.53
2026-06-01,Aditya Birla Capital Digital,0.83,16.86
2026-06-01,Fino Payments Bank Apps,0.77,69.04
2026-06-01,Salary Se,0.74,79.28
2026-06-01,Jar,0.74,17.32
2026-06-01,Kredit Pe,0.73,63.33
2026-06-01,UCO Bank Apps,0.66,175.86
2026-06-01,DBS Digibank Apps,0.56,202.67
2026-06-01,Shri Ram One,0.56,57.9
2026-06-01,Central Bank of India Apps,0.55,193.29
2026-06-01,Rapipay,0.53,28.99
2026-06-01,One Card,0.49,598.38
2026-06-01,Spice Money,0.47,38.49
2026-06-01,Tata Pay,0.34,93.12
2026-06-01,Obopay,0.33,50.74
2026-06-01,Bank of India Apps,0.32,114.4
2026-06-01,NSDL Payments Bank Apps,0.25,19.92
2026-06-01,Karnataka Bank Apps,0.25,68.72
2026-06-01,Saathi by PayNearBy,0.24,31.47
2026-06-01,Scapia,0.23,102.83
2026-06-01,IDBI Bank Apps,0.23,117.01
2026-06-01,City Union Bank Apps,0.15,109.06
2026-06-01,Karur Vysya Bank Apps,0.13,46.32
2026-06-01,Dhani,0.12,6.0
2026-06-01,Freo,0.12,27.01
2026-06-01,Bank of Maharashtra Apps,0.11,38.95
2026-06-01,Fave,0.1,20.06
2026-06-01,Tamilnad Mercantile Bank Apps,0.1,41.96
2026-06-01,Jummp,0.09,4.73
2026-06-01,True Balance,0.08,2.86
2026-06-01,Equitas Small Finance Bank Apps,0.08,22.17
2026-06-01,Indian Overseas Bank Apps,0.08,27.89
2026-06-01,Payworld,0.06,6.37
2026-06-01,Curie Money,0.06,4.33
2026-06-01,LXME,0.06,4.49
2026-06-01,SnapMint,0.04,1.62
2026-06-01,Cheq,0.04,3.76
2026-06-01,Punjab Sind Bank Apps,0.03,15.77
2026-06-01,ZET,0.03,2.85
2026-06-01,Ultracash,0.03,1.81
2026-07-01,PhonePe,10857.91,1443982.58
2026-07-01,Google Pay,7649.82,1001101.5
2026-07-01,Paytm,1903.87,204565.74
2026-07-01,Navi,947.08,48318.02
2026-07-01,super.money,437.27,20838.19
2026-07-01,BHIM,242.27,28632.66
2026-07-01,FamApp by Trio,206.19,2820.96
2026-07-01,WhatsApp,167.89,12957.07
2026-07-01,Axis Bank Apps,143.77,13939.94
2026-07-01,CRED,142.1,59278.7
2026-07-01,Kotak Mahindra Bank Apps,129.03,16316.06
2026-07-01,Amazon Pay,90.65,10978.29
2026-07-01,HDFC Bank Apps,70.72,17528.1
2026-07-01,Slice Small Finance Bank Apps,70.48,6312.31
2026-07-01,Mobikwik,69.18,8234.3
2026-07-01,IDFC Bank Apps,54.82,4396.42
2026-07-01,Yes Bank Apps,53.53,8179.71
2026-07-01,ICICI Bank Apps,52.43,22738.18
2026-07-01,State Bank of India Apps,26.25,6800.75
2026-07-01,Unity Small Finance Bank Apps,19.83,2448.61
2026-07-01,India Post Payments Bank Apps,18.94,2084.79
2026-07-01,Bajaj Finserv,16.12,3626.92
2026-07-01,Groww,15.41,13216.27
2026-07-01,KreditBee,14.84,293.7
2026-07-01,Airtel Payments Bank Apps,14.1,1249.17
2026-07-01,Samsung Pay,10.6,750.73
2026-07-01,POP UPI,10.28,967.65
2026-07-01,Federal Bank Apps,9.73,3403.51
2026-07-01,Jio Payments Bank Apps,6.34,407.11
2026-07-01,Money View,6.13,469.27
2026-07-01,Jupiter Money,5.08,853.38
2026-07-01,Deutsche Bank Apps,4.75,980.39
2026-07-01,Jammu and Kashmir Bank Apps,4.59,606.35
2026-07-01,Canara Bank Apps,4.24,1186.82
2026-07-01,Flipkart UPI,3.47,140.94
2026-07-01,RBL Bank Apps,3.38,2696.94
2026-07-01,Ind Money,3.31,1222.72
2026-07-01,Bharat Pe,3.26,344.64
2026-07-01,Kiwi,2.55,560.53
2026-07-01,Punjab National Bank Apps,2.14,591.34
2026-07-01,Indian Bank Apps,1.94,520.85
2026-07-01,Bank of Baroda Apps,1.85,530.25
2026-07-01,Omni Card,1.83,102.19
2026-07-01,Standard Chartered Bank Apps,1.71,186.48
2026-07-01,Digikhata,1.59,556.72
2026-07-01,HSBC Bank Apps,1.49,196.1
2026-07-01,Timepay,1.34,24.38
2026-07-01,IndusInd Bank Apps,1.2,214.05
2026-07-01,South Indian Bank Apps,1.05,321.84
2026-07-01,AU Small Finance Bank Apps,1.04,322.36
2026-07-01,Union Bank Apps,1.03,351.03
2026-07-01,Salary Se,0.85,103.43
2026-07-01,Aditya Birla Capital Digital,0.84,13.5
2026-07-01,Shri Ram One,0.74,48.49
2026-07-01,Fino Payments Bank Apps,0.74,65.61
2026-07-01,Suryoday Bank Apps,0.74,22.34
2026-07-01,UCO Bank Apps,0.69,185.37
2026-07-01,Kredit Pe,0.68,63.34
2026-07-01,Jar,0.65,14.36
2026-07-01,Rapipay,0.65,35.13
2026-07-01,Central Bank of India Apps,0.63,209.46
2026-07-01,DBS Digibank Apps,0.59,202.22
2026-07-01,One Card,0.51,609.35
2026-07-01,Spice Money,0.42,35.89
2026-07-01,Obopay,0.39,59.55
2026-07-01,Bank of India Apps,0.34,120.01
2026-07-01,Scapia,0.32,155.6
2026-07-01,NSDL Payments Bank Apps,0.29,20.69
2026-07-01,Karnataka Bank Apps,0.28,76.43
2026-07-01,IDBI Bank Apps,0.27,137.77
2026-07-01,Saathi by PayNearBy,0.24,37.33
2026-07-01,SnapMint,0.22,20.06
2026-07-01,Tata Pay,0.2,50.26
2026-07-01,City Union Bank Apps,0.16,145.3
2026-07-01,Bank of Maharashtra Apps,0.14,47.44
2026-07-01,Karur Vysya Bank Apps,0.14,48.74
2026-07-01,Dhani,0.13,7.43
2026-07-01,Fave,0.12,23.26
2026-07-01,Tamilnad Mercantile Bank Apps,0.12,45.14
2026-07-01,True Balance,0.1,3.54
2026-07-01,Equitas Small Finance Bank Apps,0.09,24.99
2026-07-01,Indian Overseas Bank Apps,0.09,29.51
2026-07-01,Curie Money,0.07,4.62
2026-07-01,Payworld,0.07,7.57
2026-07-01,Cheq,0.06,6.04
2026-07-01,LXME,0.05,4.9
2026-07-01,Rio Money,0.04,1.05
2026-07-01,Punjab Sind Bank Apps,0.03,15.54
2026-07-01,ZET,0.03,2.61
2026-07-01,Jummp,0.03,5.49
2026-07-01,Stashfin,0.03,15.77
2026-07-01,Novio,0.02,3.23
2026-07-01,Unimoni,0.02,3.26
2026-07-01,LivQuik,0.02,3.12
2026-07-01,Hero Fincorp,0.02,7.24
2026-08-01,PhonePe,11185.1,1426253.67
2026-08-01,Google Pay,7907.38,1007463.72
2026-08-01,Paytm,1967.9,204761.41
2026-08-01,Navi,1078.88,52512.85
2026-08-01,super.money,421.87,20363.26
2026-08-01,BHIM,253.69,28778.19
2026-08-01,FamApp by Trio,223.31,3022.8
2026-08-01,WhatsApp,183.69,13948.48
2026-08-01,Axis Bank Apps,146.78,14023.93
2026-08-01,CRED,143.94,57398.05
2026-08-01,Kotak Mahindra Bank Apps,137.79,17139.08
2026-08-01,Amazon Pay,95.93,11037.13
2026-08-01,Slice Small Finance Bank Apps,78.55,6993.52
2026-08-01,HDFC Bank Apps,71.99,17803.18
2026-08-01,Mobikwik,68.61,8083.03
2026-08-01,ICICI Bank Apps,63.6,22343.65
2026-08-01,IDFC Bank Apps,53.07,4719.34
2026-08-01,Yes Bank Apps,50.53,9003.47
2026-08-01,State Bank of India Apps,29.57,7162.74
2026-08-01,Unity Small Finance Bank Apps,20.35,2483.47
2026-08-01,India Post Payments Bank Apps,18.79,1999.14
2026-08-01,KreditBee,17.24,384.97
2026-08-01,Bajaj Finserv,16.52,3806.13
2026-08-01,POP UPI,15.26,1252.78
2026-08-01,Groww,14.86,11757.57
2026-08-01,Airtel Payments Bank Apps,14.66,1262.88
2026-08-01,Samsung Pay,10.58,730.93
2026-08-01,Federal Bank Apps,10.2,3161.72
2026-08-01,Money View,5.91,465.65
2026-08-01,Jio Payments Bank Apps,5.53,355.84
2026-08-01,Jupiter Money,5.1,834.52
2026-08-01,Deutsche Bank Apps,4.99,1062.38
2026-08-01,Jammu and Kashmir Bank Apps,4.58,624.28
2026-08-01,Canara Bank Apps,4.31,1195.31
2026-08-01,Flipkart UPI,3.6,145.41
2026-08-01,RBL Bank Apps,3.3,2653.88
2026-08-01,Bharat Pe,3.13,318.23
2026-08-01,Ind Money,3.12,1112.62
2026-08-01,Kiwi,2.84,603.39
2026-08-01,Punjab National Bank Apps,2.45,626.83
2026-08-01,IndusInd Bank Apps,2.12,219.23
2026-08-01,Bank of Baroda Apps,2.03,545.58
2026-08-01,Indian Bank Apps,2.01,525.84
2026-08-01,Omni Card,1.87,104.04
2026-08-01,Digikhata,1.82,585.73
2026-08-01,Timepay,1.31,24.03
2026-08-01,HSBC Bank Apps,1.27,209.12
2026-08-01,Aditya Birla Capital Digital,1.25,16.05
2026-08-01,AU Small Finance Bank Apps,1.24,365.84
2026-08-01,Union Bank Apps,1.11,357.83
2026-08-01,South Indian Bank Apps,1.11,332.96
2026-08-01,Shri Ram One,1.04,64.26
2026-08-01,Standard Chartered Bank Apps,0.99,133.74
2026-08-01,Salary Se,0.83,107.33
2026-08-01,Rapipay,0.73,39.71
2026-08-01,UCO Bank Apps,0.72,187.53
2026-08-01,Kredit Pe,0.63,57.75
2026-08-01,Fino Payments Bank Apps,0.59,56.73
2026-08-01,One Card,0.59,545.4
2026-08-01,Jar,0.58,11.57
2026-08-01,Central Bank of India Apps,0.56,152.26
2026-08-01,DBS Digibank Apps,0.53,182.03
2026-08-01,Spice Money,0.45,35.62
2026-08-01,Tata Pay,0.43,99.51
2026-08-01,Obopay,0.43,66.69
2026-08-01,Scapia,0.4,206.26
2026-08-01,Bank of India Apps,0.37,123.53
2026-08-01,Karnataka Bank Apps,0.33,86.94
2026-08-01,IDBI Bank Apps,0.31,151.08
2026-08-01,Rio Money,0.29,4.01
2026-08-01,NSDL Payments Bank Apps,0.29,20.57
2026-08-01,Cheq,0.26,97.96
2026-08-01,Suryoday Bank Apps,0.2,23.33
2026-08-01,City Union Bank Apps,0.19,133.25
2026-08-01,Saathi by PayNearBy,0.16,25.19
2026-08-01,Bank of Maharashtra Apps,0.16,52.18
2026-08-01,Karur Vysya Bank Apps,0.14,48.44
2026-08-01,Dhani,0.12,6.62
2026-08-01,Fave,0.12,20.92
2026-08-01,True Balance,0.11,3.8
2026-08-01,Equitas Small Finance Bank Apps,0.09,25.73
2026-08-01,Tamilnad Mercantile Bank Apps,0.09,34.6
2026-08-01,Indian Overseas Bank Apps,0.08,27.81
2026-08-01,Payworld,0.08,8.03
2026-08-01,Curie Money,0.07,6.35
2026-08-01,SnapMint,0.05,3.25
2026-08-01,LXME,0.05,4.7
2026-08-01,Unimoni,0.04,5.97
2026-08-01,ZET,0.04,2.93
2026-08-01,Punjab Sind Bank Apps,0.03,15.76
2026-08-01,Novio,0.03,4.11
2026-08-01,LivQuik,0.02,3.43
