month,txn_type,volume_mn,value_cr
2024-09-01,P2M,9352.88,566053.64
2024-09-01,P2P,5688.87,1497941.07
2024-10-01,P2M,10303.18,667948.46
2024-10-01,P2P,6281.79,1681872.99
2024-11-01,P2M,9648.87,599176.63
2024-11-01,P2P,5833.16,1556010.77
2024-12-01,P2M,10394.38,632067.37
2024-12-01,P2P,6335.63,1692632.54
2025-01-01,P2M,10569.75,644704.09
2025-01-01,P2P,6426.25,1703333.03
2025-02-01,P2M,10066.74,590083.74
2025-02-01,P2P,6039.45,1606397.95
2025-03-01,P2M,11461.06,670410.55
2025-03-01,P2P,6840.45,1806811.06
2025-04-01,P2M,11353.6,663561.79
2025-04-01,P2P,6539.82,1731364.08
2025-05-01,P2M,11853.66,696624.99
2025-05-01,P2P,6823.8,1817672.02
2025-06-01,P2M,11709.38,682872.22
2025-06-01,P2P,6685.63,1721058.47
2025-07-01,P2M,12388.11,734012.36
2025-07-01,P2P,7079.84,1774485.73
2025-08-01,P2M,12705.16,723797.42
2025-08-01,P2P,7303.15,1761675.49
2025-09-01,P2M,12366.97,719567.29
2025-09-01,P2P,7266.46,1770169.25
2025-10-01,P2M,13027.56,825742.2
2025-10-01,P2P,7673.36,1902048.48
2025-11-01,P2M,12840.49,764552.06
2025-11-01,P2P,7626.49,1867080.57
2025-12-01,P2M,13482.38,807572.99
2025-12-01,P2P,8152.29,1989139.74
2026-01-01,P2M,13608.1,840825.83
2026-01-01,P2P,8095.35,1992655.39
2026-02-01,P2M,12795.78,772416.94
2026-02-01,P2P,7598.4,1911812.35
2026-03-01,P2M,14180.46,861483.05
2026-03-01,P2P,8460.65,2091059.0
2026-04-01,P2M,14110.22,851601.89
2026-04-01,P2P,8236.58,2051386.16
2026-05-01,P2M,14721.3,872458.05
2026-05-01,P2P,8480.63,2117966.16
2026-06-01,P2M,14427.88,860997.14
2026-06-01,P2P,8288.19,2031141.53
2026-07-01,P2M,14971.85,906613.19
2026-07-01,P2P,8686.5,2081267.3
2026-08-01,P2M,15510.01,895320.68
2026-08-01,P2P,8998.95,2087035.27
