month_date,top2_share_pct,top5_share_pct,hhi
2024-09-01,85.4,94.2,3757
2024-10-01,85.1,94.0,3723
2024-11-01,84.9,93.7,3712
2024-12-01,84.4,93.4,3676
2025-01-01,84.1,93.1,3647
2025-02-01,83.8,93.0,3624
2025-03-01,83.3,92.7,3583
2025-04-01,83.0,92.7,3552
2025-05-01,82.6,92.6,3518
2025-06-01,82.0,92.3,3480
2025-07-01,81.4,92.0,3428
2025-08-01,81.0,91.9,3399
2025-09-01,80.4,91.5,3357
2025-10-01,80.1,91.4,3329
2025-11-01,79.9,91.5,3320
2025-12-01,79.1,91.0,3265
2026-01-01,79.0,91.3,3270
2026-02-01,78.7,91.1,3250
2026-03-01,79.7,92.5,3339
2026-04-01,79.2,92.4,3304
2026-05-01,79.0,92.3,3295
2026-06-01,78.8,92.3,3277
2026-07-01,78.2,92.1,3240
2026-08-01,77.9,92.1,3215
