month_date,fiscal_year,banks_live,volume_bn,value_lakh_cr,avg_ticket_rs,volume_per_day_mn,mom_pct,yoy_volume_pct,yoy_value_pct
2016-08-01,FY17,21,0.000,0.000,343,0.0,NULL,NULL,NULL
2016-09-01,FY17,25,0.000,0.000,3627,0.0,0.0,NULL,NULL
2016-10-01,FY17,26,0.000,0.000,4857,0.0,11.1,NULL,NULL
2016-11-01,FY17,30,0.000,0.001,3464,0.0,190.0,NULL,NULL
2016-12-01,FY17,35,0.002,0.007,3557,0.1,586.2,NULL,NULL
2017-01-01,FY17,36,0.004,0.017,3803,0.1,124.1,NULL,NULL
2017-02-01,FY17,44,0.004,0.019,4424,0.2,-1.8,NULL,NULL
2017-03-01,FY17,44,0.006,0.024,3807,0.2,45.4,NULL,NULL
2017-04-01,FY18,48,0.007,0.023,3155,0.2,13.0,NULL,NULL
2017-05-01,FY18,49,0.009,0.028,2988,0.3,30.0,NULL,NULL
2017-06-01,FY18,52,0.010,0.031,2994,0.3,10.6,NULL,NULL
2017-07-01,FY18,53,0.012,0.034,2933,0.4,12.4,NULL,NULL
2017-08-01,FY18,55,0.017,0.042,2474,0.5,44.5,18566.7,134418.4
2017-09-01,FY18,57,0.031,0.053,1719,1.0,84.4,34322.2,16216.8
2017-10-01,FY18,60,0.077,0.071,917,2.5,148.4,76860.0,14431.2
2017-11-01,FY18,61,0.105,0.097,921,3.5,36.5,36113.8,9525.1
2017-12-01,FY18,67,0.146,0.132,905,4.7,38.7,7218.6,1761.0
2018-01-01,FY18,71,0.152,0.156,1026,4.9,4.3,3304.3,818.0
2018-02-01,FY18,86,0.171,0.191,1116,6.1,12.9,3813.2,887.1
2018-03-01,FY18,91,0.178,0.242,1358,5.7,3.9,2695.1,896.8
2018-04-01,FY19,97,0.190,0.270,1422,6.3,6.8,2540.0,1089.7
2018-05-01,FY19,101,0.189,0.333,1757,6.1,-0.3,1924.4,1090.1
2018-06-01,FY19,110,0.246,0.408,1657,8.2,30.0,2280.4,1217.9
2018-07-01,FY19,114,0.274,0.518,1894,8.8,11.1,2253.8,1419.7
2018-08-01,FY19,114,0.312,0.542,1737,10.1,14.0,1757.3,1204.2
2018-09-01,FY19,122,0.406,0.598,1474,13.5,30.1,1210.1,1023.5
2018-10-01,FY19,128,0.482,0.750,1554,15.6,18.8,526.8,962.3
2018-11-01,FY19,128,0.525,0.822,1567,17.5,8.8,399.8,750.4
2018-12-01,FY19,129,0.620,1.026,1654,20.0,18.1,325.8,678.8
2019-01-01,FY19,134,0.673,1.099,1634,21.7,8.5,343.1,606.0
2019-02-01,FY19,139,0.674,1.067,1583,24.1,0.2,293.3,458.1
2019-03-01,FY19,142,0.800,1.335,1669,25.8,18.6,349.1,452.1
2019-04-01,FY20,144,0.782,1.420,1817,26.1,-2.2,311.3,425.6
2019-05-01,FY20,143,0.734,1.524,2078,23.7,-6.2,287.1,358.0
2019-06-01,FY20,142,0.755,1.466,1942,25.2,2.9,206.3,258.9
2019-07-01,FY20,143,0.822,1.464,1780,26.5,9.0,200.4,182.4
2019-08-01,FY20,141,0.918,1.545,1682,29.6,11.7,194.3,185.0
2019-09-01,FY20,141,0.955,1.615,1691,31.8,4.0,135.3,169.8
2019-10-01,FY20,141,1.148,1.914,1666,37.0,20.2,138.1,155.2
2019-11-01,FY20,143,1.219,1.892,1553,40.6,6.1,132.2,130.1
2019-12-01,FY20,143,1.308,2.025,1548,42.2,7.4,111.0,97.4
2020-01-01,FY20,144,1.305,2.162,1657,42.1,-0.3,94.0,96.7
2020-02-01,FY20,146,1.326,2.225,1678,45.7,1.6,96.6,108.5
2020-03-01,FY20,148,1.247,2.065,1656,40.2,-5.9,55.9,54.7
2020-04-01,FY21,153,1.000,1.511,1512,33.3,-19.8,27.9,6.4
2020-05-01,FY21,155,1.235,2.184,1769,39.8,23.5,68.3,43.3
2020-06-01,FY21,155,1.337,2.618,1958,44.6,8.3,77.2,78.6
2020-07-01,FY21,164,1.497,2.905,1940,48.3,12.0,82.1,98.5
2020-08-01,FY21,168,1.619,2.983,1843,52.2,8.1,76.3,93.1
2020-09-01,FY21,174,1.800,3.290,1828,60.0,11.2,88.5,103.8
2020-10-01,FY21,189,2.072,3.861,1864,66.8,15.1,80.4,101.8
2020-11-01,FY21,200,2.210,3.910,1769,73.7,6.7,81.3,106.6
2020-12-01,FY21,207,2.234,4.162,1863,72.1,1.1,70.8,105.5
2021-01-01,FY21,207,2.303,4.312,1872,74.3,3.1,76.5,99.4
2021-02-01,FY21,213,2.293,4.251,1854,81.9,-0.4,73.0,91.0
2021-03-01,FY21,216,2.732,5.049,1848,88.1,19.1,119.1,144.5
2021-04-01,FY22,220,2.641,4.937,1869,88.0,-3.3,164.2,226.6
2021-05-01,FY22,224,2.540,4.906,1932,81.9,-3.8,105.7,124.7
2021-06-01,FY22,229,2.808,5.474,1950,93.6,10.6,110.0,109.1
2021-07-01,FY22,235,3.248,6.063,1867,104.8,15.7,116.9,108.7
2021-08-01,FY22,249,3.556,6.391,1798,114.7,9.5,119.6,114.2
2021-09-01,FY22,259,3.654,6.544,1791,121.8,2.8,103.0,98.9
2021-10-01,FY22,261,4.219,7.714,1829,136.1,15.4,103.6,99.8
2021-11-01,FY22,274,4.186,7.684,1836,139.5,-0.8,89.4,96.5
2021-12-01,FY22,282,4.566,8.268,1811,147.3,9.1,104.4,98.7
2022-01-01,FY22,297,4.617,8.320,1802,148.9,1.1,100.5,93.0
2022-02-01,FY22,304,4.527,8.268,1826,161.7,-1.9,97.5,94.5
2022-03-01,FY22,314,5.406,9.606,1777,174.4,19.4,97.9,90.3
2022-04-01,FY23,316,5.583,9.833,1761,186.1,3.3,111.4,99.2
2022-05-01,FY23,323,5.955,10.415,1749,192.1,6.7,134.5,112.3
2022-06-01,FY23,330,5.863,10.144,1730,195.4,-1.6,108.8,85.3
2022-07-01,FY23,338,6.288,10.630,1690,202.9,7.3,93.6,75.3
2022-08-01,FY23,346,6.580,10.728,1630,212.2,4.6,85.1,67.9
2022-09-01,FY23,358,6.781,11.164,1646,226.0,3.1,85.6,70.6
2022-10-01,FY23,365,7.305,12.116,1658,235.7,7.7,73.2,57.1
2022-11-01,FY23,376,7.309,11.906,1629,243.6,0.1,74.6,54.9
2022-12-01,FY23,382,7.829,12.821,1637,252.6,7.1,71.5,55.1
2023-01-01,FY23,385,8.037,12.987,1616,259.3,2.6,74.1,56.1
2023-02-01,FY23,390,7.535,12.358,1640,269.1,-6.2,66.4,49.5
2023-03-01,FY23,399,8.685,14.104,1624,280.2,15.3,60.7,46.8
2023-04-01,FY24,414,8.863,14.155,1597,295.4,2.0,58.8,44.0
2023-05-01,FY24,445,9.415,14.891,1582,303.7,6.2,58.1,43.0
2023-06-01,FY24,458,9.335,14.755,1581,311.2,-0.9,59.2,45.5
2023-07-01,FY24,473,9.965,15.335,1539,321.4,6.7,58.5,44.3
2023-08-01,FY24,484,10.586,15.765,1489,341.5,6.2,60.9,47.0
2023-09-01,FY24,492,10.556,15.791,1496,351.9,-0.3,55.7,41.4
2023-10-01,FY24,505,11.409,17.158,1504,368.0,8.1,56.2,41.6
2023-11-01,FY24,516,11.235,17.397,1548,374.5,-1.5,53.7,46.1
2023-12-01,FY24,522,12.020,18.229,1517,387.7,7.0,53.5,42.2
2024-01-01,FY24,550,12.203,18.411,1509,393.6,1.5,51.8,41.8
2024-02-01,FY24,560,12.103,18.279,1510,417.3,-0.8,60.6,47.9
2024-03-01,FY24,572,13.440,19.784,1472,433.5,11.0,54.7,40.3
2024-04-01,FY25,583,13.304,19.645,1477,443.5,-1.0,50.1,38.8
2024-05-01,FY25,598,14.036,20.449,1457,452.8,5.5,49.1,37.3
2024-06-01,FY25,602,13.885,20.071,1445,462.8,-1.1,48.7,36.0
2024-07-01,FY25,605,14.436,20.643,1430,465.7,4.0,44.9,34.6
2024-08-01,FY25,608,14.963,20.607,1377,482.7,3.7,41.3,30.7
2024-09-01,FY25,622,15.042,20.640,1372,501.4,0.5,42.5,30.7
2024-10-01,FY25,632,16.585,23.498,1417,535.0,10.3,45.4,37.0
2024-11-01,FY25,637,15.482,21.552,1392,516.1,-6.7,37.8,23.9
2024-12-01,FY25,641,16.730,23.247,1390,539.7,8.1,39.2,27.5
2025-01-01,FY25,647,16.996,23.480,1382,548.3,1.6,39.3,27.5
2025-02-01,FY25,653,16.106,21.965,1364,575.2,-5.2,33.1,20.2
2025-03-01,FY25,661,18.302,24.772,1354,590.4,13.6,36.2,25.2
2025-04-01,FY26,668,17.893,23.949,1338,596.4,-2.2,34.5,21.9
2025-05-01,FY26,673,18.677,25.143,1346,602.5,4.4,33.1,23.0
2025-06-01,FY26,675,18.395,24.039,1307,613.2,-1.5,32.5,19.8
2025-07-01,FY26,684,19.468,25.085,1289,628.0,5.8,34.9,21.5
2025-08-01,FY26,688,20.008,24.855,1242,645.4,2.8,33.7,20.6
2025-09-01,FY26,686,19.633,24.897,1268,654.4,-1.9,30.5,20.6
2025-10-01,FY26,683,20.701,27.278,1318,667.8,5.4,24.8,16.1
2025-11-01,FY26,684,20.467,26.316,1286,682.2,-1.1,32.2,22.1
2025-12-01,FY26,685,21.635,27.967,1293,697.9,5.7,29.3,20.3
2026-01-01,FY26,691,21.703,28.335,1306,700.1,0.3,27.7,20.7
2026-02-01,FY26,694,20.394,26.842,1316,728.4,-6.0,26.6,22.2
2026-03-01,FY26,705,22.641,29.525,1304,730.4,11.0,23.7,19.2
2026-04-01,FY27,713,22.347,29.030,1299,744.9,-1.3,24.9,21.2
2026-05-01,FY27,720,23.202,29.904,1289,748.4,3.8,24.2,18.9
2026-06-01,FY27,731,22.716,28.921,1273,757.2,-2.1,23.5,20.3
2026-07-01,FY27,741,23.658,29.879,1263,763.2,4.1,21.5,19.1
2026-08-01,FY27,752,24.509,29.824,1217,790.6,3.6,22.5,20.0
2026-09-01,FY27,756,24.068,29.374,1220,802.3,-1.8,22.6,18.0
