month_date,txn_type,volume_mn,value_cr,volume_share_pct,value_share_pct,ticket_rs
2024-09-01,P2P,5688.87,1497941.07,37.8,72.6,2633
2024-09-01,P2M,9352.88,566053.64,62.2,27.4,605
2024-10-01,P2P,6281.79,1681872.99,37.9,71.6,2677
2024-10-01,P2M,10303.18,667948.46,62.1,28.4,648
2024-11-01,P2P,5833.16,1556010.77,37.7,72.2,2668
2024-11-01,P2M,9648.87,599176.63,62.3,27.8,621
2024-12-01,P2P,6335.63,1692632.54,37.9,72.8,2672
2024-12-01,P2M,10394.38,632067.37,62.1,27.2,608
2025-01-01,P2P,6426.25,1703333.03,37.8,72.5,2651
2025-01-01,P2M,10569.75,644704.09,62.2,27.5,610
2025-02-01,P2P,6039.45,1606397.95,37.5,73.1,2660
2025-02-01,P2M,10066.74,590083.74,62.5,26.9,586
2025-03-01,P2P,6840.45,1806811.06,37.4,72.9,2641
2025-03-01,P2M,11461.06,670410.55,62.6,27.1,585
2025-04-01,P2P,6539.82,1731364.08,36.5,72.3,2647
2025-04-01,P2M,11353.60,663561.79,63.5,27.7,584
2025-05-01,P2P,6823.80,1817672.02,36.5,72.3,2664
2025-05-01,P2M,11853.66,696624.99,63.5,27.7,588
2025-06-01,P2P,6685.63,1721058.47,36.3,71.6,2574
2025-06-01,P2M,11709.38,682872.22,63.7,28.4,583
2025-07-01,P2P,7079.84,1774485.73,36.4,70.7,2506
2025-07-01,P2M,12388.11,734012.36,63.6,29.3,593
2025-08-01,P2P,7303.15,1761675.49,36.5,70.9,2412
2025-08-01,P2M,12705.16,723797.42,63.5,29.1,570
2025-09-01,P2P,7266.46,1770169.25,37.0,71.1,2436
2025-09-01,P2M,12366.97,719567.29,63.0,28.9,582
2025-10-01,P2P,7673.36,1902048.48,37.1,69.7,2479
2025-10-01,P2M,13027.56,825742.20,62.9,30.3,634
2025-11-01,P2P,7626.49,1867080.57,37.3,70.9,2448
2025-11-01,P2M,12840.49,764552.06,62.7,29.1,595
2025-12-01,P2P,8152.29,1989139.74,37.7,71.1,2440
2025-12-01,P2M,13482.38,807572.99,62.3,28.9,599
2026-01-01,P2P,8095.35,1992655.39,37.3,70.3,2461
2026-01-01,P2M,13608.10,840825.83,62.7,29.7,618
2026-02-01,P2P,7598.40,1911812.35,37.3,71.2,2516
2026-02-01,P2M,12795.78,772416.94,62.7,28.8,604
2026-03-01,P2P,8460.65,2091059.00,37.4,70.8,2472
2026-03-01,P2M,14180.46,861483.05,62.6,29.2,608
2026-04-01,P2P,8236.58,2051386.16,36.9,70.7,2491
2026-04-01,P2M,14110.22,851601.89,63.1,29.3,604
2026-05-01,P2P,8480.63,2117966.16,36.6,70.8,2497
2026-05-01,P2M,14721.30,872458.05,63.4,29.2,593
2026-06-01,P2P,8288.19,2031141.53,36.5,70.2,2451
2026-06-01,P2M,14427.88,860997.14,63.5,29.8,597
2026-07-01,P2P,8686.50,2081267.30,36.7,69.7,2396
2026-07-01,P2M,14971.85,906613.19,63.3,30.3,606
2026-08-01,P2P,8998.95,2087035.27,36.7,70.0,2319
2026-08-01,P2M,15510.01,895320.68,63.3,30.0,577
